verb,freqall
a,33
abandon,478
abate,16
abbreviate,16
abd,11
abdicate,25
abduct,13
abhor,28
abide,28
abolish,205
abort,20
abound,232
abscond,21
abseil,28
absent,35
absolve,16
absorb,269
abstain,48
abstract,16
abuse,89
abut,17
accede,49
accelerate,146
accentuate,45
accept,3039
access,117
acclaim,23
accommodate,117
accompany,720
accomplish,83
accord,6323
accost,14
account,1341
accrue,67
accumulate,142
accuse,1204
accustom,34
ach,14
ache,170
achieve,1729
acknowledge,1006
acquaint,20
acquiesce,29
acquire,1002
acquit,51
act,2018
action,15
activate,225
adapt,310
add,7666
addict,18
address,955
adduce,25
adf,11
adhere,84
adjoin,104
adjourn,126
adjust,386
administer,207
admire,454
admit,2958
admonish,23
adopt,1515
adore,210
adorn,87
advance,516
advertise,238
advise,794
advocate,402
affect,1448
affiliate,20
affirm,143
afflict,28
afford,179
age,520
aggravate,49
aggregate,31
agitate,16
agree,6569
aid,234
ail,26
aim,2138
air,36
airlift,21
alarm,159
alasdair,12
ale,13
aleksandr,14
alert,239
alienate,40
alight,66
align,71
alix,22
allay,24
allege,416
alleviate,39
allocate,245
allot,27
allow,4683
allude,62
ally,157
alter,356
alternate,74
amalgamate,41
amass,35
amaze,85
amble,61
ambush,34
amend,178
amount,623
amplify,59
amuse,87
analyse,649
analyze,42
anchor,24
anchore,24
anger,252
angle,30
animate,17
annabel,32
annex,45
announce,4405
annoy,126
annul,17
anoint,19
anselm,25
answer,2215
anticipate,343
antoine,17
ap,12
apologise,312
apologize,116
app,27
appal,31
appeal,937
appear,9716
appease,14
append,32
applaud,132
apply,3779
appoint,976
apportion,18
appraise,36
appreciate,613
apprehend,20
apprentice,16
approach,1468
appropriate,60
approve,1129
approximate,40
arap,11
arc,17
arce,13
arch,74
archive,43
argue,4487
arise,2660
arm,259
arouse,208
arrange,908
arrest,457
arrive,4411
art,54
articulate,122
ascend,55
ascertain,60
ascribe,78
ask,15755
aspire,80
assail,31
assassinate,17
assault,62
assemble,297
assent,12
assert,499
assess,755
assign,201
assimilate,26
assist,461
associate,954
assuage,11
assume,2535
assure,517
astonish,42
astound,25
attach,631
attack,1063
attain,95
attempt,1427
attend,1717
attenuate,13
attest,63
attire,16
attract,935
attribute,429
attune,15
auction,21
auctioneer,16
audit,57
audition,30
augment,58
augur,11
authorise,102
authorize,87
avenge,16
aver,15
average,186
avert,90
avoid,1657
avow,12
await,394
awake,256
awaken,65
award,367
ax,18
axe,70
b,11
babble,20
babur,13
babysit,18
back,969
backbench,11
backfire,29
backtrack,15
badger,13
baffle,48
bag,37
bail,53
bait,34
bake,269
balance,243
bale,16
ball,12
balloon,11
bam,13
ban,377
band,54
bandage,19
bang,336
banish,55
bank,93
bankrupt,13
bantam,12
banter,12
bar,161
barbel,11
bare,50
bargain,123
barge,33
bark,201
barricade,12
barter,20
base,2627
bash,61
bask,53
bat,83
bath,13
bathe,91
batter,77
battle,202
baulk,15
bawl,35
bay,25
be,1528763
beach,11
beam,205
bear,2518
beat,1492
beaver,16
beckon,164
become,13640
bed,28
beep,14
befall,23
befit,46
befriend,39
beg,654
beget,13
beggar,16
begin,14525
begone,13
behave,407
behold,74
behove,20
bel,11
belch,45
beleive,12
belie,41
believe,9869
belittle,14
bellow,110
belong,1540
belt,30
bely,34
bemoan,19
bend,885
benefit,568
bequeath,38
berate,16
berth,12
beseech,19
beset,44
besiege,29
bestow,54
bet,1211
betide,22
betray,176
better,33
beware,253
bewitch,13
bicker,106
bicycle,11
bid,303
bide,22
biff,19
bigwig,19
bike,11
bill,54
billow,47
bin,78
bind,568
binge,11
birdy,20
bisect,12
bitch,48
bite,585
bitten,23
black,27
blacken,24
blackmail,32
blame,838
blanch,29
blank,29
blare,31
blast,268
blaze,191
bleach,19
bleat,12
bleed,159
bleep,14
blend,175
bless,366
blight,12
blind,67
blink,452
blissett,12
blister,14
blitze,13
block,314
blockade,28
bloom,48
blossom,62
blot,67
blow,983
bludgeon,11
bluff,27
blunder,35
blur,87
blurt,67
blush,210
bluster,17
board,174
boast,436
boat,15
bob,105
bode,23
bog,13
boggle,29
boil,275
bolster,46
bolt,68
bomb,192
bombard,29
bon,11
bond,57
bonk,15
booe,14
boogie,24
book,342
boom,97
boost,292
boot,46
bop,16
border,91
bore,215
borrow,461
boss,39
bother,380
bottle,31
bottom,17
bounce,277
bound,117
bow,438
bowl,131
box,118
boycott,68
brace,117
bracket,12
brag,15
brake,54
branch,90
brand,95
brandish,37
brave,66
bray,20
breach,42
break,3642
breakfast,37
breast,11
breathe,730
breed,294
breeze,21
brew,65
bribe,36
bridge,62
bridle,23
brief,103
brighten,134
brim,35
bring,7646
bristle,74
broach,22
broadcast,180
broaden,127
broker,14
brood,60
brook,17
brown,16
browse,59
bruise,45
brush,540
bthe,60
bubble,68
buck,59
buckle,46
budge,16
budget,63
budgete,26
buff,20
buffer,15
buffete,13
bug,32
bugger,108
build,2884
bulge,73
bulk,47
bully,96
bump,141
bunch,20
bundle,66
bung,25
buoy,25
burble,16
burden,21
burgle,30
burn,891
burnish,11
burp,15
burrow,47
burst,605
bury,297
bus,11
bust,84
bustle,81
busy,84
but,21
butcher,12
butt,33
butter,29
button,39
buttress,14
buy,4466
buz,87
by,16
bypass,50
c,68
cable,13
cackle,48
caddy,14
calculate,698
calibrate,15
call,10210
calm,328
camouflage,20
camp,66
campaign,250
campbell,33
can,110247
cancel,301
cannon,16
canter,20
canvas,41
cap,137
capitalise,33
capitalize,20
capitulate,32
capsize,14
captain,67
captivate,24
capture,494
card,13
care,1175
career,44
caress,63
carp,25
carpet,20
carrick,11
carry,4874
cart,15
carve,182
cascade,34
case,23
cash,105
caspar,21
cast,712
castigate,36
catalogue,39
catalyse,12
catapult,12
catch,2662
catchphrase,11
categorise,29
categorize,16
cater,378
cause,2753
caution,80
cave,22
cavort,14
cease,535
cede,15
celebrate,845
cellulose,15
cement,28
censure,25
centralise,11
centralize,12
centre,436
centrifuge,11
certify,35
cf,181
chafe,19
chain,46
chair,276
chalk,18
challenge,643
champion,78
chance,36
chang,11
change,3466
channel,60
chant,105
char,15
characterise,157
characterize,153
charge,818
charm,43
chart,119
charter,46
chase,335
chastise,14
chat,211
chatter,69
cheat,111
check,2196
cheer,272
cheese,11
cherish,51
chew,209
chick,14
chicken,19
chide,43
chill,57
chime,60
chip,72
chirp,11
chisel,19
choke,168
chomp,11
choose,3357
chop,348
choreograph,30
chortle,20
chorus,23
christen,26
chronicle,28
chuck,158
chuckle,344
chug,23
churn,62
circle,181
circulate,212
circumvent,18
cite,822
clad,76
claim,6188
clam,11
clamber,124
clamour,28
clamp,103
clange,19
clap,155
clarify,176
clash,187
clasp,161
class,39
classify,169
clatter,90
claw,58
clean,560
cleanse,40
clear,974
cleave,18
clench,172
click,260
climax,25
climb,1364
clinch,122
cling,390
clink,23
clip,135
cloak,11
clock,84
clog,31
clon,13
clone,19
close,3143
clothe,43
cloud,97
clout,13
clown,11
club,16
cluck,24
clunk,13
cluster,91
clutch,303
clutter,17
co,398
coach,365
coalesce,24
coast,26
coat,69
coax,47
cobble,11
cock,99
cocoon,12
code,88
codename,16
codify,19
coexist,39
cohabit,12
coil,58
coin,62
coincide,536
collaborate,102
collapse,506
collate,26
collect,1260
collide,138
collude,15
colonise,19
colour,272
comb,75
combat,134
combine,1467
come,43774
comfort,154
command,379
commandeer,15
commemorate,101
commence,355
commend,165
comment,1632
commiserate,14
commission,325
commit,551
communicate,258
commute,45
compare,2132
compel,92
compensate,124
compete,337
compile,311
complain,1100
complement,170
complete,1655
complicate,114
compliment,40
comply,179
compose,309
compound,117
comprehend,30
compress,48
comprise,1388
compromise,78
compuadd,11
compute,50
con,63
conceal,182
concede,449
conceive,209
concentrate,1102
conceptualize,20
concern,1158
conclude,2026
concoct,15
concur,90
condemn,487
condense,32
condition,36
condone,23
conduct,769
confer,180
confess,408
confide,99
configure,24
confine,156
confirm,2244
confiscate,24
conflict,46
conform,160
confound,58
confront,395
confuse,159
congratulate,223
congregate,32
conjecture,19
conjugate,13
conjure,128
connect,548
connote,13
conquer,63
consecrate,16
consent,62
conserve,58
consider,4893
consign,33
consist,2856
console,75
consolidate,96
conspire,57
constitute,742
constrain,55
constrict,13
construct,490
construe,38
consult,398
consume,244
contact,1896
contain,5175
contaminate,35
contemplate,212
contend,277
content,42
contest,127
continue,7995
contort,28
contract,239
contradict,120
contrast,495
contravene,25
contribute,975
contrive,60
control,1585
convene,124
converge,99
converse,29
convert,438
convey,326
convict,109
convince,203
convulse,14
cooe,19
cook,673
cool,235
cooper,13
cooperate,47
coordinate,70
cop,30
cope,371
coppice,11
copy,348
cordon,27
coriander,13
corner,32
correct,294
correlate,126
correspond,514
corroborate,16
corrode,11
corrupt,14
cost,2638
cotton,11
couch,24
cough,265
could,57038
counsel,139
count,827
countenance,14
counter,265
counteract,50
couple,469
course,29
court,60
covenant,57
cover,3552
covete,12
cow,11
cower,32
crack,288
crackle,76
cradle,58
craft,42
cram,78
cramp,26
crane,55
crash,534
crave,81
crawl,276
creak,88
cream,23
crease,57
create,3015
credit,102
creep,373
crest,13
crew,15
cringe,50
crinkle,24
cripple,24
criss,18
criticise,406
criticize,332
croak,75
crook,12
croon,28
crop,51
cross,1667
crosslink,13
crouch,271
crow,28
crowd,121
crown,97
crucify,21
cruise,187
crumble,83
crumple,57
crunch,83
crusade,13
crush,197
cry,1467
crystallise,26
crystallize,33
cube,31
cuddle,59
cuff,17
cull,23
culminate,175
cultivate,87
cum,16
cup,90
curate,33
curb,85
cure,103
curl,292
curse,218
curtail,32
curve,145
cushion,31
customise,13
cut,3321
cycle,131
d,40
dab,67
dabble,27
dae,32
dam,23
damage,455
damn,335
damp,30
dampen,42
dance,713
dangle,120
dare,1071
daresay,104
darken,125
dart,176
dash,222
date,990
daub,12
daunt,19
daver,55
dawdle,20
dawn,182
daydream,16
daze,12
dazzle,37
de,44
deafen,15
deal,2344
debate,141
debit,16
decant,13
decay,51
deceive,53
decide,5463
deck,19
declare,1529
decline,832
decode,16
decompose,14
decorate,241
decrease,266
decree,103
decry,24
dedicate,165
deduce,76
deduct,51
deem,115
deepen,182
default,23
defeat,348
defect,49
defend,751
defer,40
define,1409
deflate,22
deflect,32
defuse,43
defy,186
degenerate,35
degrade,28
deign,12
delay,291
delegate,71
delete,161
deliberate,35
delight,125
delimit,21
delineate,18
deliver,848
delude,13
delve,58
demand,1835
demolish,85
demonstrate,1435
demur,48
denigrate,11
denote,184
denounce,246
dent,21
deny,1978
depart,305
depend,3469
depict,345
deplete,14
deplore,111
deploy,103
deport,22
depose,19
deposit,167
depress,62
deprive,107
derail,13
deride,27
derive,907
descend,406
describe,5750
description,11
desert,153
deserve,699
design,1436
designate,107
desire,194
despair,22
despatch,72
despise,130
destine,41
destroy,502
detach,83
detail,188
detain,70
detect,401
deter,49
deteriorate,157
determine,1017
detest,81
detonate,20
detract,20
devalue,38
devastate,61
develop,3119
deviate,41
devise,312
devolve,32
devote,325
devour,40
diagnose,119
dial,150
dice,17
dictate,210
diddle,19
die,6304
diet,54
differ,1058
differentiate,171
diffuse,39
dig,491
digest,90
digress,29
dilate,18
dilute,55
dim,58
diminish,132
din,12
dine,124
dip,315
direct,682
dirty,13
disable,29
disagree,401
disallow,21
disappear,974
disappoint,82
disapprove,111
disarm,42
disband,36
disbelieve,13
discard,104
discern,30
discharge,153
discipline,22
disclose,284
disconcert,20
disconnect,53
discontinue,14
discount,107
discourage,82
discover,1852
discredit,24
discriminate,62
discuss,2188
disdain,12
disembark,32
disengage,20
disentangle,17
disfigure,13
disgorge,16
disguise,122
disgust,20
dish,33
disillusion,35
disintegrate,55
dislike,315
dislocate,13
dislodge,13
dismantle,58
dismiss,879
dismount,57
disobey,24
disown,19
disparage,11
dispatch,75
dispel,43
dispense,73
disperse,75
displace,59
display,1072
dispose,149
disprove,12
dispute,153
disqualify,22
disregard,76
disrupt,59
dissect,29
disseminate,36
dissent,67
dissipate,28
dissociate,19
dissolve,227
dissuade,16
distance,72
distil,26
distinguish,607
distort,69
distract,81
distress,30
distribute,243
distrust,40
disturb,211
ditch,28
dither,39
dive,252
diverge,40
diversify,42
divert,92
divest,13
divide,895
divine,16
divorce,178
divulge,13
dnase,31
do,216352
dock,28
document,135
dodge,81
dog,24
doin,34
domicile,23
dominate,761
don,185
donate,157
doodle,17
doom,42
dose,25
dost,22
dot,47
dote,24
double,410
doubt,1080
douse,13
down,49
downgrade,12
download,11
downplay,11
downsize,12
doze,74
draft,330
drag,564
drain,379
dramatise,16
dramatize,11
drape,90
drat,21
draw,4540
drawl,112
dread,116
dream,577
dredge,52
drench,27
dress,940
dribble,39
drift,451
drill,222
drink,1360
drip,128
drive,2719
drone,32
drool,13
droop,54
drop,2299
drown,186
drug,16
drum,69
dry,400
dub,119
duck,177
dull,24
dump,251
dun,19
duplicate,31
dust,93
dwarf,29
dwell,116
dwindle,55
dye,33
e,11
eachuinn,34
eamonn,15
earmark,38
earn,877
ease,487
easy,11
eat,2131
eavesdrop,26
ebb,29
echo,668
eclipse,26
ecover,14
eddy,12
edge,217
edit,451
educate,170
effect,94
effendi,44
egg,15
ejaculate,11
eject,40
elaborate,114
elapse,38
elbow,34
elect,657
electioneer,11
elevate,46
elicit,75
elide,11
eliminate,244
elucidate,23
elude,45
emanate,91
embalm,19
embark,260
embarrass,55
embed,55
embellish,18
emblazon,19
embody,235
embolden,22
embrace,355
embroider,37
emerge,2263
emigrate,94
emil,11
emit,124
emphasise,882
emphasize,533
employ,1357
empower,83
empty,184
emulate,37
enable,1804
enact,98
encapsulate,63
encase,22
enchant,19
encircle,51
enclose,343
encode,133
encompass,206
encounter,442
encourage,1530
encroach,22
end,4830
endanger,16
endear,14
endeavour,92
endill,11
endorse,354
endow,51
endure,129
enfold,13
enforce,108
engage,408
engel,30
engender,59
engineer,47
engrave,35
engross,14
engulf,59
enhance,299
enjoin,15
enjoy,2894
enlarge,86
enlighten,28
enlist,89
enliven,25
enquire,396
enrage,36
enrich,36
enrol,81
ensconce,17
enshrine,42
enslave,12
ensue,120
ensure,1688
entail,293
enter,2933
entertain,176
enthuse,63
entice,23
entitle,397
entrance,14
entrust,52
entwine,18
enumerate,19
enunciate,38
envelop,55
envisage,385
envy,120
epitomise,54
epitomize,29
equal,247
equalise,88
equate,98
equip,194
eradicate,29
erase,40
erect,159
erode,40
err,47
erupt,253
escalate,55
escape,925
eschew,63
escort,113
espouse,50
establish,2098
esteem,14
estimate,1213
etch,49
evacuate,38
evade,50
evaluate,287
evaporate,79
even,21
evict,29
evidence,17
evince,27
evoke,197
evolve,304
exacerbate,60
exact,22
exaggerate,79
exalt,15
examine,1797
exasperate,34
excavate,45
exceed,430
excel,111
except,36
exchange,335
excite,95
exclaim,495
exclude,521
excrete,18
excuse,759
execute,167
exemplify,152
exempt,45
exercise,712
exert,172
exhale,42
exhaust,108
exhibit,408
exhort,42
exile,31
exist,2374
exit,147
exonerate,13
expand,537
expect,3573
expel,104
expend,34
experience,1056
experiment,149
expire,103
explain,3995
explode,441
exploit,211
explore,753
export,434
expose,305
expound,33
express,2204
extend,1473
extinguish,20
extol,27
extract,263
extrapolate,31
extricate,12
extrude,14
exude,69
exult,16
eye,267
fabricate,16
face,3585
facilitate,223
factore,24
fade,434
fail,3595
faint,77
fake,32
fall,5988
falsify,11
falter,148
familiarise,15
fan,148
fancy,583
fantasise,15
fare,135
farm,77
fart,24
fascinate,83
fashion,128
fast,68
fasten,113
father,11
fatten,20
fave,18
favour,607
fax,150
fear,1712
feast,19
feather,12
feature,1274
feed,1056
feel,16531
feign,26
fell,24
fence,22
fend,28
ferment,21
ferry,82
fetch,291
fiddle,104
fidget,38
field,124
fight,1575
figure,350
file,264
fill,1775
film,160
filter,150
finalise,20
finalize,14
finance,697
find,17897
fine,129
finger,93
finish,2154
fink,18
fire,599
firm,50
fish,204
fit,1170
fix,594
fiz,11
fizzle,17
flag,45
flail,37
flake,22
flame,38
flank,91
flap,114
flare,224
flash,502
flatten,95
flatter,63
flaunt,23
flavour,27
flay,20
fleck,11
flee,473
fleece,15
fleischmann,20
flex,91
flick,394
flicker,270
flinch,138
fling,329
flip,127
flirt,58
flit,76
float,429
flock,102
flog,25
flood,242
flop,94
flounce,24
flounder,33
flourish,186
flout,23
flow,525
flower,74
fluctuate,76
fluff,15
flush,306
fluster,15
flutter,145
fly,2074
flysheet,14
focus,1262
focusses,30
foil,41
fold,427
follow,11506
fondle,18
fool,161
foot,21
footnote,22
footprint,26
forage,30
forbid,234
force,1234
forecast,216
foreground,20
foresee,130
foreshadow,40
forestal,15
forestall,20
forfeit,21
forge,95
forget,2017
forgive,461
fork,40
form,3281
formalise,21
formalize,27
format,75
formulate,174
forsake,13
fortify,31
forward,24
foster,115
foucault,14
foul,31
found,676
founder,45
fox,12
fracture,23
fragment,23
frame,159
franchise,34
fray,23
freak,17
free,361
freelance,34
freeze,412
frequent,56
freshen,17
fret,65
frighten,235
fringe,20
fritz,15
front,109
frown,927
fruit,12
frustrate,80
fry,122
fuck,489
fudge,12
fuel,114
fulfil,239
fumble,150
fume,66
function,203
fund,260
funnel,13
furnish,122
furrow,32
further,71
fuse,65
fuss,45
gabble,11
gag,31
gain,1355
gall,69
gallop,78
galvanise,12
galvanize,12
gamble,37
gang,18
gape,99
garnish,105
garry,27
gasp,404
gather,1212
gauge,34
gawp,11
gaze,686
gear,78
gedge,21
generalise,21
generalize,35
generate,762
georg,14
germinate,16
gesticulate,12
gesture,259
get,35597
gie,14
gig,25
giggle,257
gild,15
gim,41
give,26060
glance,2157
glare,497
glaze,45
gleam,177
glean,31
glide,107
glimmer,34
glimpse,137
glint,80
glisten,68
glitter,151
gloat,12
glory,11
gloss,18
glow,240
glower,69
glue,104
glynn,67
gnaw,42
go,44266
goad,26
gobble,24
goggle,21
gon,805
gossip,65
gouge,11
govern,284
grab,804
grace,43
grade,132
graduate,250
graf,12
graft,18
grant,895
grapple,43
grasp,248
grass,11
grate,123
gravitate,20
graze,108
grease,37
greer,14
greet,468
grey,23
grieve,63
grill,45
grimace,150
grin,1233
grind,248
grip,357
gripe,12
grit,115
groan,347
groom,66
groove,11
grope,86
gross,16
ground,30
group,118
grow,3993
growl,153
grumble,91
grunt,237
guarantee,393
guard,210
guess,1194
guffaw,21
guide,456
gulp,146
gun,35
gurder,12
gurgle,26
gush,40
gust,21
gustave,16
gut,32
h,11
hack,73
haggle,27
hail,256
hall,19
halt,276
halve,111
hammer,122
hamper,50
hand,1021
handcuff,18
handicap,58
handle,656
hang,2358
hanker,15
happen,6215
harass,31
harbour,85
harden,168
hark,68
harm,48
harmonise,17
harmonize,16
harness,65
harry,14
harvest,94
hash,19
hassle,13
hast,31
hasten,111
hatch,115
hate,2028
hath,92
haul,213
haunt,134
hav,39
have,481016
hawk,11
hayek,11
hazard,20
head,1173
headline,48
heal,83
heap,35
hear,7238
hearten,13
heat,273
heathcliff,11
heave,201
hedge,38
heed,26
heft,16
heifer,14
heighten,64
heinrich,20
help,5514
hem,26
herald,126
herd,22
hesitate,1069
hev,14
hever,11
hewlett,18
hibernate,16
hide,730
highlight,765
hijack,38
hike,23
hinder,39
hinge,77
hint,258
hire,288
hiss,256
histamine,25
hit,2434
hitch,64
hoard,24
hobble,38
hoe,12
hogg,13
hoist,64
hold,9767
hole,47
holiday,67
holler,14
hollow,12
home,52
hone,24
honk,11
honor,11
honour,152
hook,126
hoot,49
hoover,30
hop,145
hope,7283
horrify,34
host,294
hound,19
house,1076
housebuild,13
hove,11
hover,260
howl,95
hrun,11
huddle,93
huff,18
hug,207
hum,109
humble,15
hume,12
humiliate,23
hump,19
hunch,53
hunt,301
hurl,125
hurry,753
hurt,701
hurtle,49
hush,28
hustle,25
hybridise,18
hybridize,19
hypothesise,17
hypothesize,11
ianthe,14
ibn,17
ice,29
ide,12
identify,1848
idle,29
ifn,11
ignite,34
ignore,1457
illuminate,115
illustrate,1606
im,62
image,42
imagine,1753
imbue,16
imitate,73
immerse,55
immortalise,11
impact,16
impair,26
impale,17
impart,36
impede,23
impel,24
impinge,35
implant,15
implement,324
implicate,56
implore,38
imply,1403
import,201
impose,748
impress,277
imprint,13
imprison,50
improve,1002
improvise,35
impute,14
in,586
inaugurate,75
incense,24
inch,84
incite,18
incline,78
include,12912
incorporate,688
increase,2764
incubate,26
incur,171
indent,23
index,57
indicate,3392
indict,15
induce,324
indulge,115
infect,89
infer,60
infest,13
infiltrate,46
inflame,11
inflate,22
inflict,96
influence,574
inform,623
infringe,16
infuriate,54
infuse,28
ingest,16
inhabit,130
inhale,73
inherit,311
inhibit,124
initial,23
initiate,304
inject,132
injure,173
input,27
inquire,121
inscribe,25
insert,262
inset,33
insinuate,12
insist,2152
inspect,227
inspire,426
install,366
instigate,36
instil,33
institute,70
instruct,244
insulate,29
insult,52
insure,154
integrate,200
intend,1510
intensify,160
interact,138
intercept,68
interest,105
interface,53
interfere,113
intergraph,19
interject,46
interlink,21
interlock,14
intermediate,30
internat,34
interpose,26
interpret,437
interrogate,22
interrupt,458
intersect,30
intersperse,26
intertwine,11
intervene,264
interview,478
intimate,55
intimidate,23
intone,38
intrigue,68
introduce,2291
intrude,64
invade,189
invalidate,14
invent,307
invert,28
invest,425
investigate,818
invite,923
invoke,131
involve,5143
ionise,15
irk,24
irlr,12
iron,66
irritate,106
isolate,188
isotope,22
iss,19
issue,1924
itch,40
itemise,13
jab,77
jack,51
jail,170
jam,115
jangle,34
jaq,17
jar,31
jeer,42
jeopardise,11
jerk,352
jest,20
jet,33
jettison,13
jibe,11
jiggle,17
jingle,15
jockey,28
jog,196
join,3749
joint,22
joke,161
jolly,14
jolt,51
josef,13
jostle,47
jot,31
journey,63
joyride,12
judge,1003
juggle,47
jul,11
jumble,36
jump,1475
justify,320
jut,48
juxtapose,23
karsten,12
keel,13
keep,9362
ken,24
key,52
kick,781
kid,45
kidnap,82
kill,1741
kindle,23
kiss,763
kit,14
kleinwort,12
knead,43
kneel,360
knife,13
knight,23
knit,409
knock,791
knot,29
know,49039
knuckle,18
korg,11
label,249
labour,129
lace,35
lack,981
ladle,16
lag,95
lambast,16
lament,79
lance,34
land,757
landscape,28
languish,30
lap,46
lapse,60
lash,132
last,1046
latch,47
laud,21
laugh,3483
launch,1510
launder,16
lavish,26
lay,1867
layer,19
laze,15
leach,17
lead,7281
leaf,42
leak,171
lean,1830
leap,625
learn,3199
lease,83
leave,12214
lecture,83
leer,49
legalize,21
legislate,34
legitimate,19
legitimize,11
lend,564
lengthen,66
lessen,42
let,13720
level,197
lever,31
levy,43
liaise,44
liberalize,16
liberate,45
licence,18
license,130
lick,279
lie,6350
lift,1949
light,735
lighten,53
like,7507
liken,64
limber,13
lime,12
limit,540
limp,96
line,394
linger,209
link,1080
list,1020
listen,2973
litter,49
live,6817
liven,11
load,284
loaf,11
loan,29
loathe,114
lob,20
lobby,85
locate,455
lock,429
lodge,132
log,76
loll,38
long,303
look,37006
lookin,11
loom,301
loop,39
loose,45
loosen,115
loot,30
lope,24
lose,3968
lothar,20
lounge,52
love,4764
low,13
lowell,18
lower,558
lubricate,17
lug,21
lull,18
lumber,26
lump,23
lunch,51
lunge,67
lurch,127
lure,64
lurk,136
luther,16
luv,14
luxuriate,11
m,18
machine,175
maeve,14
magnify,24
mail,33
maintain,1859
make,35307
man,46
manage,2616
manhandle,11
manifest,130
manipulate,103
manoeuvr,39
manoeuvre,21
manufacture,203
map,116
mar,99
marcel,13
march,512
mare,15
marinate,13
mark,1800
market,184
markete,34
marry,1658
marshal,35
marshall,54
marvel,71
mash,36
mask,74
masquerade,15
mass,20
massacre,14
massage,92
master,87
mastermind,32
mat,15
match,567
mate,70
materialise,39
materialize,14
matriculate,23
matter,612
mature,112
maul,11
maximise,67
maximize,46
may,48912
mayhew,11
mayonnaise,11
mean,25704
meander,42
measure,1126
mebbe,20
meddle,22
mediate,97
meditate,30
meet,7086
mek,21
mellow,26
melt,338
memorize,14
mend,47
mention,2590
merge,209
merit,88
mesmerise,19
mess,96
mete,16
mew,20
microfilm,17
mid,11
might,19331
migrate,114
miguel,38
militate,34
milk,19
mill,40
mime,38
mimic,63
mimick,49
mince,12
mind,2540
mine,154
mingle,107
minimise,87
minimize,47
minister,238
minute,18
mirror,120
mirrore,18
mis,11
miscalculate,11
miscarry,12
misinterpret,18
misjudge,22
mislead,33
misread,14
miss,1999
mist,14
mistake,77
mistrust,26
misunderstand,59
misuse,15
mitigate,34
mix,829
moan,184
mobilise,25
mobilize,44
mock,124
model,182
moderate,39
modernise,18
modernize,12
modify,161
modulate,20
module,26
moisten,42
monitor,468
monopolise,11
monopolize,13
moon,11
moor,54
moot,20
mop,49
mope,13
mortar,23
moss,12
motion,82
motivate,107
motor,44
mould,92
moult,16
mount,547
mourn,85
mouth,54
move,8202
mow,34
muck,16
muddle,24
muffle,26
mug,18
mull,26
multiply,233
multiprocess,14
mumble,172
munch,44
murder,162
murmur,705
mus,17
muscle,14
muse,125
mushroom,19
must,30832
muster,44
mutate,14
mutter,588
mystify,14
nab,18
nadine,12
nag,45
nail,57
name,1173
narrate,19
narrow,414
nationalise,11
navigate,31
near,161
necessitate,148
neck,15
need,16744
needle,15
negate,11
neglect,145
negotiate,284
nest,96
nestle,104
net,75
network,36
neutralise,19
neutralize,12
niall,24
nibble,43
nick,85
nickname,64
niggle,14
nip,85
nod,3796
nominate,130
normalise,17
normalize,14
norse,11
norsk,11
nose,39
notch,36
note,4678
notice,2397
notify,96
nourish,30
nucleotide,18
nudge,127
numb,20
number,160
nurse,201
nurture,38
nuzzle,25
nynex,15
oaldce,23
obey,181
object,428
oblige,139
obliterate,25
obscure,106
observe,1424
obstruct,33
obtain,1454
obviate,23
occasion,41
occupy,793
occur,3923
occure,11
offend,82
offer,6272
offload,13
offset,68
oil,37
oligonucleotide,20
omf,25
omit,166
oop,22
ooze,76
open,6371
operate,1823
opine,23
oppose,788
oppress,18
opt,327
optimise,20
orbit,22
orchestrate,34
ordain,24
order,1434
organise,863
organize,443
orient,42
orientate,29
originate,415
oscillate,38
osf,27
ought,1600
oust,46
out,37
outlaw,25
outline,737
outlive,18
outnumber,69
outpace,16
outperform,23
output,39
outsource,12
outstrip,33
outweigh,48
outwit,16
over,117
overburden,16
overcome,410
overcrowd,30
overdo,22
overdose,22
overestimate,25
overflow,65
overhaul,13
overhear,74
overheat,11
overlap,123
overlay,34
overlie,11
overload,30
overlook,329
overpower,23
overran,18
override,41
overrode,14
overrule,35
oversee,68
overshadow,49
oversimplify,18
overspend,15
overstate,14
overtake,104
overthrew,21
overturn,105
overwhelm,81
overwinter,16
ow,42
owe,1191
own,1540
pace,137
pack,535
package,49
pad,62
paddle,79
paige,19
pain,13
paint,823
pair,49
pale,66
pamper,23
pan,28
pander,17
panic,35
panick,69
pant,67
parade,74
parallel,61
parallele,20
paralyse,36
paraphrase,25
parcelforce,16
pardon,128
pare,22
park,324
parody,29
parry,17
parse,11
part,293
participate,382
partition,13
partner,52
party,14
pass,4082
paste,15
pat,289
patch,36
patent,39
patrol,111
patronise,14
patronize,16
patter,18
pattern,17
pause,1885
pave,87
paw,20
pay,4544
peacekeep,28
peak,77
peck,45
pedal,69
peddle,17
pee,21
peek,27
peel,233
peep,74
peer,530
peg,52
pelt,14
pen,49
penalise,22
pencil,14
penetrate,150
pepper,13
perceive,322
perch,177
percolate,12
perfect,28
perform,1076
perish,86
perk,31
perm,34
permeate,59
permit,564
perpetuate,47
perplex,15
persecute,14
persephone,14
persevere,59
persist,542
personify,27
persuade,496
pertain,35
perturb,17
peruse,26
pervade,63
pester,15
peter,149
petition,56
phase,38
phone,838
photocopy,41
photograph,170
phrase,20
pick,3241
pickete,31
picture,403
piece,22
pierce,75
piggott,12
pile,173
pillage,12
pilot,35
pilote,53
pin,163
pinch,128
pine,17
pinpoint,70
pioneer,134
piotr,11
pip,24
pipe,95
pirouet,11
piss,134
pit,43
pitch,146
pither,14
pity,167
pivot,23
placate,16
place,2616
plague,35
plait,13
plan,2994
plane,17
plant,409
plaster,34
plate,22
play,6565
ple,13
plead,480
please,228
pledge,286
plod,59
plonk,17
plop,12
plot,195
plough,107
pluck,151
plug,164
plumb,26
plummet,16
plummete,51
plump,45
plunder,20
plunge,305
ply,33
poach,47
pockete,41
point,4509
poise,78
poison,63
poke,159
polarize,15
police,78
polish,92
poll,114
pollute,43
polyunsaturate,12
ponder,194
pool,39
pop,528
popularise,11
populate,29
pore,19
porn,13
port,15
portray,209
pose,709
posit,46
position,198
possess,789
post,129
postpone,80
postulate,91
pot,54
potter,30
pounce,66
pound,101
pour,1055
pout,44
powder,15
power,154
practice,12
practise,469
praise,446
prance,14
prattle,13
pray,750
pre,66
preach,168
precede,242
precipitate,71
preclude,78
predate,37
predecease,11
predicate,21
predict,789
predispose,17
predominate,106
preen,25
preface,25
prefer,1584
prefigure,12
preheat,127
prepare,1477
presage,15
prescribe,175
present,3235
preserve,309
preside,194
press,1618
pressure,17
prestel,11
presume,279
presuppose,154
pretend,436
prevail,230
prevaricate,16
prevent,998
preview,38
prey,37
price,445
prick,84
prickle,12
pride,146
prime,21
print,559
prioritize,11
prise,47
privatise,34
privatize,20
prize,35
probate,13
probe,152
proceed,794
process,373
proclaim,300
procure,37
prod,90
produce,4999
profess,78
proffer,33
profile,31
profit,97
program,74
programme,46
progress,397
prohibit,146
project,243
proliferate,47
prolong,62
promise,1808
promote,739
prompt,572
promulgate,36
pronounce,172
proofread,30
prop,159
propagate,66
propel,76
prophesy,36
proportion,15
propose,2001
propound,26
prosecute,255
prosper,87
protect,819
protest,645
protrude,46
prove,2446
provide,10068
provoke,369
prowl,52
prune,35
pry,24
publicise,46
publicize,29
publish,2692
pucker,37
puff,66
pull,3338
pulsate,17
pulse,35
pummel,13
pump,130
punch,155
punctuate,41
puncture,32
punish,76
pur,14
purchase,472
purge,22
purify,38
purport,107
purr,49
purse,117
pursue,480
push,2290
put,14598
puzzle,97
quack,14
quadruple,18
quail,18
qualify,430
quantify,40
quarrel,63
quarry,15
quarter,20
quash,47
quaver,20
quell,23
quench,18
query,271
question,679
queue,117
quicken,102
quieten,29
quincx,15
quip,26
quirk,44
quit,223
quiver,103
quiz,49
quote,1267
race,893
rack,63
radiate,79
radioe,22
raffle,15
rage,161
raid,120
rail,17
rain,210
raise,4116
rake,88
rally,202
ram,60
ramble,35
rampage,16
randomise,17
range,1001
rank,184
rankle,27
ransack,26
rant,20
ranulf,43
rap,113
rape,84
rasp,55
rate,252
ratify,59
ration,27
rationalise,21
rationalize,26
rattle,207
ravage,27
rave,63
re,769
reach,4854
react,515
reactivate,12
read,4468
ready,14
reaffirm,142
realise,1912
realize,1235
reap,72
reappear,161
reappoint,15
rear,190
rearrang,11
rearrange,39
reason,168
reassemble,19
reassert,31
reassess,13
reassure,139
rebel,131
rebound,25
rebuff,23
rebuild,114
rebuke,43
rebut,16
recall,1563
recap,26
recapitulate,15
recapture,38
recast,12
recede,100
receive,4762
recharge,15
reciprocate,14
recite,65
reckon,1843
reclaim,46
recline,17
recognise,1580
recognize,1076
recoil,69
recollect,71
recommence,11
recommend,1447
reconcile,67
reconsider,39
reconstitute,25
reconstruct,58
reconven,22
record,1758
recount,145
recoup,26
recover,612
recreat,22
recreate,26
recruit,208
rectify,27
recur,73
recycle,103
redden,35
redeem,33
redefine,33
redesign,18
redirect,14
rediscover,40
redistribute,13
redress,32
reduce,1745
reek,42
reel,109
refer,3701
referee,46
reference,86
refill,38
refine,57
reflect,2384
reform,110
reformat,15
reformulate,13
refrain,71
refresh,44
refrigerate,12
refuel,36
refund,11
refurbish,36
refuse,2625
refute,54
regain,187
regale,13
regard,2244
regenerate,13
register,457
regress,17
regret,453
regroup,15
regulate,186
rehabilitate,15
rehearse,77
reheat,16
reign,128
rein,49
reinforce,340
reinstate,28
reintroduce,27
reissue,18
reiterate,266
reject,1510
rejoice,101
rejoin,98
rekindle,12
relapse,29
relate,2357
relaunch,15
relax,739
relay,51
release,1260
relegate,27
relent,57
relieve,200
relinquish,64
relish,88
relive,35
relocate,47
rely,988
remain,7974
remand,51
remark,717
remarry,31
remedy,57
remember,8610
remind,1412
reminisce,17
remonstrate,30
remove,1572
rename,68
render,203
renege,24
renew,156
renounce,53
renovate,31
rent,249
reopen,89
reorganise,32
reorganize,24
repair,216
repay,77
repeal,41
repeat,1704
repel,33
repen,15
repent,18
replace,1291
replant,12
replay,31
replenish,21
replicate,38
reply,2386
report,6559
repose,11
represent,3744
repress,23
reprimand,18
reprint,49
reproach,26
reproduce,248
reprove,16
repudiate,38
repute,14
request,468
require,4968
requires,11
requisition,16
reread,15
reschedule,40
rescind,19
rescue,203
research,888
resemble,506
resent,234
reserve,314
reset,32
reshape,22
reshuffle,34
reside,155
resign,878
resist,431
resolve,441
resonate,22
resort,100
resound,24
resource,134
respect,266
respite,18
respond,1500
rest,998
restart,28
restate,48
restore,362
restrain,65
restrict,352
restructure,74
result,1458
resume,348
resurface,26
resurrect,20
retail,99
retain,1018
retaliate,44
retch,18
rethink,23
retire,848
retook,11
retort,174
retrace,63
retract,22
retreat,160
retrieve,104
return,5256
return_detail,14
reunite,28
rev,27
revamp,18
reveal,2716
revel,83
reverberate,29
reverse,323
revert,164
review,1039
revile,19
revise,140
revisit,55
revitalise,20
revitalize,11
revive,171
revoke,24
revolt,24
revolutionise,12
revolve,188
reward,116
rewind,25
rework,18
rewrit,13
rewrite,26
rewrote,19
rhyme,16
ricochet,14
rid,37
riddle,18
ride,1027
ridicule,30
riffle,14
rifle,14
rig,37
right,22
rile,13
rincewind,24
ring,2152
ringe,22
rinse,113
riot,35
rip,191
ripen,36
ripple,49
rise,4066
risk,320
rival,75
roam,126
roar,312
roast,51
rob,144
rock,255
rocket,29
roll,1318
romp,40
roof,12
roost,16
root,99
rope,19
rot,62
rotate,112
rough,17
round,360
rouse,79
rout,24
rove,19
row,149
rub,607
rubbish,13
rudolf,31
rue,19
ruffle,52
ruin,39
ruine,80
rule,861
rumble,94
rummage,84
rumour,19
run,8050
rupture,18
rush,677
rust,26
rustle,62
s,160
sabotage,22
sack,184
sacrifice,77
sadden,32
saddle,33
safeguard,70
sag,93
sail,624
salute,127
salvage,50
sample,183
sanction,57
sand,15
sandwich,29
sap,26
satisfy,258
saturate,17
saunter,57
savage,29
save,2041
savour,65
saw,34
say,106660
scald,19
scale,57
scamper,36
scan,321
scar,33
scare,131
scatter,240
scent,51
schedule,188
scheme,64
school,44
scoff,71
scold,63
scoop,124
scorch,32
score,1204
scorn,50
scour,72
scout,31
scowl,139
scrabble,43
scramble,270
scrap,77
scrape,179
scratch,237
scrawl,25
scream,598
screech,60
screen,174
screw,270
scribble,68
scrol,12
scroll,15
scrub,109
scrutinise,61
scrutinize,20
scuff,16
scuffle,11
scull,12
sculpt,13
scurry,91
scuttle,60
se,17
seal,252
sear,23
search,726
season,13
seat,184
second,288
secrete,60
section,14
secure,676
sederunt,30
seduce,40
see,34480
seed,38
seek,3058
seem,24774
seep,69
seethe,32
segment,17
segregate,14
seize,499
select,939
sell,2783
semi,11
send,4360
sense,610
sentence,164
separate,518
seroconvert,13
serve,3215
service,103
set,7173
sethe,22
settle,1054
sever,49
sew,102
sex,16
sey,18
sez,16
shade,59
shadow,66
shag,26
shake,3694
shall,9602
shalt,35
shamble,17
shame,77
shampoo,16
shape,217
share,2177
sharpen,95
shatter,156
shave,95
shear,87
shed,166
shell,152
shelter,83
shelve,24
shepherd,15
shield,94
shift,837
shimmer,54
shine,648
ship,189
shit,20
shiver,437
shoal,12
shock,201
shoe,13
shooe,14
shoot,1481
shop,210
short,12
shorten,56
should,38957
shoulder,52
shout,1339
shove,170
shovel,14
show,16713
shower,74
shred,24
shriek,92
shril,15
shrink,186
shrivel,31
shroud,24
shrug,1761
shudder,336
shuffle,227
shun,44
shunt,16
shut,1492
shuttle,11
shy,50
sicken,22
side,98
sideline,20
sidestep,22
sidle,42
sieve,44
sift,95
sigh,1529
sight,61
sign,1827
signal,329
signify,139
signpost,19
silence,111
silhouette,20
silt,13
simmer,79
simplify,118
simulate,51
sin,16
sinead,20
sing,1165
single,111
sink,642
sip,313
sit,8839
site,90
situate,461
size,37
sizzle,25
skate,65
sketch,127
ski,136
skid,59
skim,89
skin,66
skip,187
skipper,25
skirt,83
skitter,14
skulk,19
sky,18
slacken,38
slag,24
slalom,15
slam,460
slant,53
slap,247
slash,112
slate,13
slaughter,32
slay,22
sleep,1141
slew,34
slice,267
slide,833
slim,33
sling,85
slink,12
slip,1081
slit,21
slither,68
slop,26
slope,65
slosh,13
slot,73
slouch,31
slow,455
slumber,12
slump,248
slunk,21
slur,23
slurp,14
smack,148
smart,28
smarten,11
smash,269
smear,47
smell,658
smile,5176
smirk,48
smite,25
smoke,506
smooth,199
smother,43
smoulder,27
smudge,18
smuggle,43
snag,27
snake,45
snap,786
snare,14
snarl,101
snatch,309
sneak,85
sneer,104
sneeze,33
sniff,332
snigger,32
snip,49
snipe,25
snog,11
snore,55
snort,233
snow,49
snub,47
snuff,27
snuffle,14
snuggle,53
soak,147
soap,13
soar,284
sob,132
sober,50
socialise,17
sod,92
soften,162
soil,38
solder,16
soldier,23
solicit,23
solidify,13
solve,364
soothe,57
sort,344
sound,3754
sour,23
source,13
sow,122
space,79
spake,13
span,183
spank,14
spare,165
spark,233
sparkle,124
spatter,13
spawn,84
speak,7019
spear,19
spearhead,49
specialise,318
specialize,98
specify,608
spect,27
speculate,138
speechread,11
speed,292
spell,370
spend,4295
spew,19
spice,20
spike,64
spill,257
spin,446
spiral,39
spirit,14
spit,264
splash,144
splat,11
splay,15
splice,17
splinter,20
split,533
splutter,58
spoil,187
sponge,19
sponsor,338
spoon,83
sport,127
spot,464
spotlight,25
spout,19
sprawl,71
spray,151
spread,1177
spring,458
sprinkle,160
sprint,70
sprout,54
spruce,14
spur,101
spurn,45
spurt,31
spy,77
squabble,21
squander,29
square,211
squash,39
squat,164
squawk,27
squeak,86
squeal,79
squeeze,386
squelch,19
squint,119
squirm,65
squirt,26
stab,178
stabilise,29
stabilize,17
stable,14
stack,91
staff,37
stage,289
stagger,211
stain,147
stake,74
stalk,99
stall,50
stammer,57
stamp,222
stand,9474
standardise,27
staple,16
star,262
stare,2895
starline,25
start,11031
startle,121
starve,43
state,3440
station,48
status_return,20
stave,14
stay,3428
steady,111
steal,744
steam,71
steel,25
steep,21
steepen,12
steer,204
stem,457
step,1653
stew,13
stick,1245
stiffen,183
stifle,100
still,30
stimulate,258
sting,155
stink,158
stipulate,147
stir,704
stitch,96
stock,169
stoke,13
stomp,22
stone,17
stoop,135
stop,5906
store,309
storm,201
stow,38
straddle,62
straggle,18
straighten,374
strain,241
strand,11
strangle,47
strap,52
stray,77
streak,47
stream,98
streamline,59
strengthen,334
stress,1370
stretch,1219
strew,35
stride,314
strike,1736
string,57
strip,249
stripe,11
strive,174
stroke,327
strol,163
stroll,97
structure,68
struggle,720
strum,12
strut,38
stub,36
stud,33
study,1779
stuff,182
stumble,294
stump,31
stun,101
stutter,31
style,83
sub,16
subcontract,22
subdivide,31
subdue,19
subject,78
submerge,18
submit,670
subscribe,130
subside,140
subsidise,19
subsidize,14
subsist,17
substantiate,27
substitute,208
subsume,17
subtitle,27
subtract,55
subunit,15
subvert,19
succeed,976
succumb,102
suck,329
suckle,22
sue,199
suffer,2340
suffice,172
suffocate,22
suffuse,22
suggest,9066
suit,494
sulk,34
sum,513
summarise,323
summarize,203
summerchild,14
summon,238
summons,21
sun,12
sunbathe,13
sunbthe,16
sunflower,22
sunil,18
sunlounger,14
sup,21
superimpose,48
supersede,40
supervise,154
supplant,11
supplement,165
supply,1112
support,3266
suppose,6024
suppress,144
surf,30
surface,157
surge,170
surmise,25
surmount,26
surpass,52
surprise,324
surrender,183
surround,789
survey,430
survive,1365
suspect,1256
suspend,216
suss,14
sustain,230
swab,12
swagger,21
swallow,672
swamp,58
swan,13
swap,233
swarm,68
swatch,12
swathe,19
sway,153
swear,611
sweat,126
sweep,709
sweeten,22
swell,172
swerve,63
swig,11
swill,23
swim,454
swing,997
swipe,19
swirl,109
swish,29
switch,942
swivel,111
swoon,16
swoop,132
swop,26
symbolise,82
symbolize,101
sympathise,58
sympathize,36
synchronise,11
synthesise,26
synthesize,17
tab,22
table,61
tabulate,22
tack,77
tackle,413
tag,57
tail,57
tailor,33
tailore,24
taint,13
take,37121
talk,4246
tally,24
tame,31
tammuz,35
tamper,18
tan,31
tangle,23
tap,684
tape,113
taper,11
target,219
taste,342
taunt,57
tax,130
taxy,20
teach,1671
team,176
tear,475
tease,158
tee,11
teem,17
teeter,39
telephone,922
televise,11
telex,11
tell,18901
temper,31
tempt,70
tend,3803
tender,38
tense,141
term,102
terminate,112
terrify,83
tess,48
test,1199
testify,129
tether,27
th,21
thank,8799
thaw,42
theorize,13
thicken,52
thin,118
think,49915
thirst,28
thrash,66
thread,109
threaten,968
thresh,16
thril,31
thrill,18
thrive,188
throb,68
throng,34
throw,2066
thrust,303
thud,40
thumb,40
thump,127
thunder,77
thwart,32
tick,201
tickle,71
tidy,105
tie,589
tiggywinkle,14
tighten,444
tile,20
tilt,175
time,211
timetable,14
tinge,25
tingle,56
tink,13
tinker,31
tinkle,16
tint,17
tip,412
tiptoe,59
tire,55
title,102
titter,19
toad,16
toast,114
tod,29
toil,34
tolerate,81
toll,44
tone,38
toot,13
toothpaste,11
top,342
topple,64
torment,28
torture,93
toss,324
tot,13
total,337
totter,46
touch,1233
tour,363
tout,28
tow,62
tower,77
toy,90
trace,469
track,144
trade,492
trail,340
train,877
tramp,38
trample,29
transact,11
transcend,33
transcribe,19
transfect,26
transfer,643
transfix,17
transform,307
transgress,12
translate,315
transmit,113
transpire,133
transplant,20
transport,105
transpose,22
trap,220
trash,15
travel,2070
traverse,56
trawl,22
tread,147
treasure,30
treat,1248
treble,45
trek,32
tremble,290
trespass,37
trick,65
trickle,85
trigger,147
trill,17
trim,181
trip,161
triple,20
triumph,69
troop,52
trot,107
trouble,129
trudge,86
true,21
trumpet,21
trumpete,13
trundle,51
trust,783
try,10772
tuck,263
tug,225
tumble,197
tune,149
turn,13593
tut,30
tweak,16
twiddle,14
twig,12
twin,33
twine,16
twinkle,86
twirl,39
twist,475
twitch,164
twitter,16
type,153
typify,77
ultrasound,23
un,11
unbutton,20
uncover,170
uncurl,18
under,46
undercut,25
underestimate,107
undergo,479
underlie,311
underline,367
underly,62
undermine,156
underpin,105
underscore,16
understand,3736
understate,28
undertake,775
undervalue,14
underwrite,14
underwritten,27
undo,104
undress,77
unearth,41
unfasten,22
unfold,159
unfurl,27
unify,65
unite,417
univariate,12
univel,20
unleash,58
unload,57
unlock,124
unmask,18
unnerve,33
unpack,37
unravel,49
unrol,20
unscrew,46
unseat,12
unsettle,40
unty,28
unveil,296
unwind,21
unwound,15
unwrap,13
unzip,29
up,43
update,323
upgrade,92
upheld,168
uphold,66
upholster,11
uproot,11
upset,224
upstage,12
urge,1125
urokinase,14
use,16416
used,6853
user_input,15
usher,129
utilise,107
utilize,57
utter,163
vacate,21
vacillate,12
validate,38
value,304
vanish,294
varnish,14
vary,1820
vault,24
vaunt,14
ve,23
veer,70
veil,16
vent,22
venture,230
verge,25
verify,38
vern,14
verse,17
vest,23
vet,34
veto,45
vex,11
vibrate,52
video,34
vie,62
view,699
vindicate,27
violate,47
visit,3046
visualise,41
visualize,33
vive,14
voice,7115
volley,19
volunteer,196
vomit,73
vote,1122
vow,212
waddle,32
wade,80
waffle,11
waft,66
wag,47
wage,48
wager,11
waggle,29
wail,92
wait,4135
waitress,11
waive,32
wake,1251
waken,26
walk,5427
wall,11
wallow,17
waltze,17
wan,923
wander,626
wane,26
want,25429
waqar,18
war,12
ward,12
warm,284
warn,1780
warp,16
warrant,98
wash,766
wasim,11
waste,535
watch,5058
water,91
waterski,14
wave,803
waver,98
wax,51
we,16
weaken,158
wean,40
wear,3024
weasel,14
weather,40
weave,181
wed,337
wedge,47
wee,74
weed,42
weep,276
weigh,519
weight,36
welcome,2147
weld,21
well,72
welter,11
wend,19
wet,79
whack,27
wheedle,14
wheel,169
wheeze,25
whet,19
whew,11
while,12
whimper,50
whine,50
whinge,17
whinny,12
whip,196
whir,34
whirl,118
whisk,136
whisper,913
whistle,181
whiten,15
whitewash,12
whittle,12
whizz,31
whoop,18
wickst,18
widen,373
widow,11
wield,73
wiggle,23
will,140419
wilt,34
win,5325
wince,156
winch,11
wind,489
wing,48
wink,146
winter,63
wipe,460
wire,56
wish,5049
withdraw,600
wither,25
withhold,45
withstand,32
witness,427
wobble,61
wonder,4670
woo,118
word,25
work,11171
worm,17
worry,753
worsen,94
worship,132
would,92483
wound,98
wrap,426
wreak,23
wreathe,11
wreck,91
wrench,97
wrestle,62
wriggle,128
wring,42
wrinkle,97
write,9529
writhe,49
wrthe,11
wus,11
wuther,14
wyse,11
y,105
yank,34
yawn,182
yearn,85
yeast,12
yell,313
yelp,33
yen,17
yield,419
yow,13
yt,13
zap,15
zigzag,13
zip,82
zoom,62
zzap,22
NA,954
