V,X,n
携,手,1944
抬,头,1696
站,身,910
关,门,892
走,路,674
说,话,628
挂,钩,483
鼓,掌,373
做,事,282
负,责任,275
拿,笔,251
动,手,238
打,仗,210
举,手,203
下,雨,183
唱,歌,150
讲,话,145
提,笔,143
讲,课,126
联,手,119
打,精神,110
聊,天,106
不,腰,98
打,架,92
办,事,90
干,工作,88
坐,身,79
不,精神,74
跳,舞,70
在,，,65
早,不,63
做,事情,62
放,火,59
跳,身,58
也,不,57
仰,头,57
就,不,55
昂,头,55
立,身,55
上,课,52
发,脾气,52
谈,话,48
读,书,47
端,碗,46
直,腰,45
做,工作,44
写,文章,43
拿,书,42
发,火,41
拍,手,39
一,，,38
看,书,38
花,钱,38
喝,酒,37
开,车,36
开,玩笑,33
较,真,33
都,不,33
鼓,勇气,33
上,不,32
做,题,32
干,事,32
打,官司,32
爬,身,31
生,气,30
，,不,29
一,努力,29
吵,架,29
地,不,29
抬,手,29
是,不,29
听,课,27
想,什么,27
做,，,26
发,怒,26
打,球,26
撒,娇,25
下,雪,24
想,他,24
挺,胸,24
提,精神,24
写,字,23
吃,东西,23
打,瞌睡,23
直,身,23
骂,人,23
承,责任,22
玩,游戏,22
一,共同,21
做,生意,21
拿,枪,21
负,责,21
发,烧,20
合,伙,20
打,坐,20
抽,烟,20
诉,苦,20
打,鼓,19
拉,手,19
比,他们,19
演,戏,19
想,我,18
跃,身,18
一,再,17
动,笔,17
叫,屈,17
干,活,17
干,活儿,17
打,滚,17
一,合作,16
不,，,16
写,作文,16
发,愁,16
扬,头,16
竖,耳朵,16
一,继续,15
做,实验,15
做,小说,15
开,会,15
想,她,15
抬,脚,15
认,真,15
谈,恋爱,15
不,兴趣,14
发,狠,14
地,雨,14
得,不,14
想,你,14
找,工作,14
一,工作,13
做,动作,13
半,不,13
打,比赛,13
打,电话,13
牵,手,13
讲,故事,13
作,法,12
做,梦,12
写,诗,12
发,病,12
拿,刀,12
拿,电话,12
杀,人,12
板,脸,12
流,泪,12
犯,愁,12
画,画,12
睡,觉,12
跳,脚,12
举,杯,11
办,案,11
又,不,11
发,呆,11
发,疯,11
吃,醋,11
吸,烟,11
吹,牛,11
天,雨,11
对,话,11
我,不,11
抬,脸,11
抬,身,11
拍,照,11
提,他,11
提,诉讼,11
根,不,11
生,病,11
说,英语,11
一,动手,10
下,棋,10
仰,脸,10
包,饺子,10
打,交道,10
打,人,10
抬,眼,10
担,责任,10
拍,戏,10
敲,鼓,10
点,灯,10
爬,山,10
看,电视,10
造,反,10
举,刀,9
买,东西,9
做,学问,9
做,题目,9
办,事情,9
发,喊,9
发,牢骚,9
叫,好,9
叫,苦,9
合,掌,9
学,英语,9
开,工作,9
挂,勾,9
握,手,9
斗,嘴,9
板,面孔,9
比,我们,9
瞪,眼,9
谈,他,9
踮,脚,9
连,手,9
配,套,9
一,不,8
一,使用,8
做,作业,8
做,文章,8
写,小说,8
协,手,8
发,高烧,8
总,不,8
想,了,8
想,近年,8
扫,地,8
拿,武器,8
挺,身,8
接,吻,8
比,以前,8
种,树,8
问,我,8
一,上,7
一,用心,7
下,大雨,7
作,画,7
作,诗,7
做,家务,7
写,作业,7
即,，,7
发,言,7
叹,气,7
吃,肉,7
吹,口哨,7
咬,人,7
想,刚,7
感,兴趣,7
打,呼噜,7
打,字,7
打,招呼,7
找,东西,7
振,精神,7
挺,腰,7
挽,手,7
捧,书,7
掀,盖头,7
搭,话,7
摇,头,7
比,你,7
比,我,7
比,过去,7
泡,茶,7
用,钱,7
皱,眉头,7
种,地,7
端,酒,7
考,试,7
讲,理论,7
说,我,7
说,近年,7
说,这些,7
谈,工作,7
较,真儿,7
钓,鱼,7
鼓,劲,7
一,先,6
一,用,6
不,兴致,6
做,科研,6
关,我,6
到,不,6
唱,山歌,6
唱,戏,6
喝,水,6
在,共同,6
处,事情,6
天,不,6
崛,”,6
开,店,6
念,书,6
想,初,6
想,这个,6
扬,手,6
拿,书本,6
挺,胸膛,6
挺,腰杆,6
比,去年,6
比,美国,6
翻,身,6
能,得,6
训,人,6
讲,道理,6
说,，,6
说,普通话,6
跑,路,6
踮,脚尖,6
顶,牛,6
一,同,5
一,而,5
下,不,5
下,手,5
不,什么,5
不,头,5
不,身,5
为,不,5
举,枪,5
伤,心,5
伸,手,5
做,报告,5
做,研究,5
傅,身,5
写,书,5
写,论文,5
减,肥,5
动,武,5
发,狂,5
同,他,5
吟,诗,5
吵,嘴,5
哼,歌,5
喝,茶,5
回,问题,5
安,我,5
干,架,5
年,不,5
恨,自己,5
想,他们,5
想,它,5
打,赌,5
扬,脸,5
批,人,5
抬,腿,5
抱,我,5
拉,家常,5
拾,笔,5
拿,法律,5
拿,狗,5
提,兴趣,5
提,脚,5
比,她,5
永,不,5
照,相,5
皱,眉,5
答,题,5
老,不,5
说,他,5
说,这个,5
说,道理,5
谈,心,5
谈,近年,5
走,山路,5
踢,球,5
过,日子,5
通,信,5
速,不,5
邪,身,5
闭,眼睛,5
问,他,5
饮,酒,5
一,。,4
一,下楼,4
一,服用,4
一,联手,4
一,过,4
不,”,4
不,名字,4
不,我,4
不,精力,4
交,手,4
做,买卖,4
做,游戏,4
偷,懒,4
兴,，,4
写,东西,4
出,轨,4
动,粗,4
动,脑筋,4
卧,不,4
却,不,4
另,炉灶,4
吐,血,4
响,，,4
喝,汤,4
备,课,4
夸,自己,4
学,汉语,4
崛,，,4
崛,而,4
干,农活,4
干,坏事,4
建,联系,4
开,火,4
当,老师,4
忙,工作,4
怀,自己,4
怜,她,4
怪,我,4
患,病,4
想,家,4
想,这些,4
打,乒乓球,4
打,她,4
打,拍子,4
扭,秧歌,4
抱,她,4
拿,毛笔,4
拿,相机,4
拿,碗,4
拿,筷子,4
挥,手,4
损,人,4
授,课,4
提,你,4
提,刀,4
揭,裙子,4
搞,研究,4
摆,架子,4
撒,野,4
教,书,4
比,今天,4
比,他,4
比,别人,4
比,现在,4
比,赛,4
比,近年,4
比,这些,4
洗,衣服,4
炒,股,4
点,头,4
爬,床,4
犯,难,4
玩,捉迷藏,4
的,不,4
看,报纸,4
看,电影,4
眯,眼,4
眯,眼睛,4
着,不,4
磕,头,4
磨,墨,4
穿,衣服,4
穿,西装,4
端,杯子,4
端,枪,4
端,茶,4
练,功,4
翘,脚,4
耕,地,4
要,钱,4
讲,笑话,4
论,实力,4
说,自己,4
读,课文,4
谈,大学,4
谈,天,4
谈,生意,4
赌,钱,4
还,不,4
逛,街,4
闹,事,4
闹,情绪,4
闹,鬼,4
顶,嘴,4
飘,雨,4
飘,雪,4
飘,雪花,4
骂,我,4
鼓,干劲,4
、,不,3
。,首,3
K,歌,3
一,",",3
一,交上,3
一,分,3
一,分配,3
一,学习,3
一,携手,3
一,煮,3
一,玩,3
一,请,3
一,近年,3
一,配合,3
一,鼓掌,3
下,毛毛雨,3
下,笔,3
不,他,3
不,心,3
不,架,3
不,气,3
个,落,3
中,，,3
中,身,3
买,书,3
人,气,3
介,自己,3
仰,坐,3
价,不,3
伸,头,3
作,乱,3
作,怪,3
佩,她,3
做,坏事,3
做,广告,3
做,手术,3
做,诗,3
做,项目,3
做,预算,3
关,他,3
关,房门,3
冒,烟,3
写,词,3
击,鼓,3
划,拳,3
办,实事,3
即,凡,3
即,可,3
发,恼,3
发,议论,3
叫,他,3
可,不,3
吃,药,3
同,他们,3
听,故事,3
吹,牛皮,3
哭,鼻子,3
唠,家常,3
唱,国歌,3
喊,冤,3
喘,气,3
嘟,嘴,3
回,初,3
回,过去,3
回,近年,3
因,不,3
在,用,3
垫,脚尖,3
培,兴趣,3
堆,笑,3
奏,乐,3
始,不,3
学,东西,3
学,技术,3
害,怕,3
害,病,3
对,歌,3
已,不,3
带,头,3
年,，,3
开,口,3
引,了,3
引,近年,3
当,导演,3
当,真,3
得,钱,3
念,佛,3
念,咒语,3
念,经,3
怎,得,3
怜,他,3
想,，,3
想,你们,3
想,儿子,3
想,在,3
想,自己,3
打,哈欠,3
打,拳,3
打,篮球,3
打,麻将,3
扣,球,3
执,笔,3
扬,笑容,3
扯,呼噜,3
扶,她,3
批,个性,3
批,学生,3
抬,身子,3
担,不,3
拉,他,3
拉,磨,3
拉,车,3
拌,嘴,3
拍,巴掌,3
拍,掌,3
拍,照片,3
拿,它,3
拿,茶杯,3
拿,话筒,3
拿,酒,3
挖,地,3
挽,袖子,3
捞,鱼,3
捡,笔,3
探,头,3
接,电话,3
提,劲,3
提,她,3
提,手,3
揭,被,3
搞,活动,3
搞,腐败,3
搭,帐篷,3
搭,棚子,3
撑,身,3
擂,鼓,3
操,心,3
擦,皮鞋,3
收,费,3
收,钱,3
放,枪,3
放,羊,3
放,鞭炮,3
教,学生,3
教,我,3
整,人,3
斟,酒,3
明,不,3
杨,肩膀,3
杨,身,3
树,威信,3
梳,头,3
植,树,3
比,中国,3
比,内地,3
比,刚,3
比,前辈,3
比,北京,3
比,城市,3
比,她们,3
比,成年人,3
比,欧洲,3
比,母亲,3
比,男性,3
水,”,3
洗,脚,3
洗,脸,3
消,不,3
滑,雪,3
炒,菜,3
点,蜡烛,3
烧,香,3
烫,酒,3
燃,大火,3
燃,火,3
爬,坡,3
玩,电脑,3
盘,腿,3
看,球,3
着,急,3
硬,心肠,3
种,田,3
穿,旗袍,3
端,杯,3
答,卷子,3
算,总账,3
管,我,3
组,活动,3
编,故事,3
羡,他,3
羡,她,3
翘,腿,3
翻,书,3
耍,脾气,3
耍,赖,3
联,近年,3
肩,责任,3
肯,不,3
舞,龙,3
落,泪,3
蒙,头,3
记,单词,3
记,她,3
讲,英语,3
说,什么,3
说,原因,3
说,她,3
说,干部,3
说,戏,3
说,汉语,3
说,相声,3
说,笑话,3
说,英文,3
读,句子,3
谈,中国,3
谈,它,3
谈,文,3
谈,这个,3
跑,不,3
这,事件,3
里,不,3
闭,眼,3
闭,门,3
问,她,3
闻,鼻烟,3
集,精神,3
骑,车,3
骗,人,3
―,――,2
“,不,2
V,NP,2
一,）,2
一,上台,2
一,买,2
一,作用,2
一,协同,2
一,参与,2
一,回家,2
一,坐车,2
一,往前,2
一,成长,2
一,抱团,2
一,拉,2
一,挑,2
一,捉,2
一,搭配,2
一,收集,2
一,泡,2
一,相约,2
一,立,2
一,讨论,2
一,走,2
一,都,2
一,铲起,2
上,楼,2
上,班,2
下,冰雹,2
下,暴雨,2
不,。,2
不,人,2
不,勇气,2
不,床,2
不,房,2
不,朝,2
不,枪,2
不,桥,2
不,神,2
不,腰杆,2
不,词,2
不,责任,2
不,身子,2
主,不,2
举,例,2
举,头,2
举,杖,2
举,笔,2
买,彩票,2
了,不,2
交,朋友,2
产,不,2
享,生活,2
人,不,2
仆,茶,2
今,再,2
他,不,2
会,不,2
传,更,2
估,分,2
体,人,2
作,反,2
作,恶,2
作,报告,2
作,词,2
你,不,2
做,。,2
做,业务,2
做,方丈,2
做,爱,2
做,皇帝,2
做,示范,2
做,笔记,2
做,简历,2
做,算术,2
做,革命党,2
先,身,2
先,这个,2
关,人,2
兴,而,2
养,猪,2
养,神,2
写,书稿,2
写,作品,2
写,信,2
写,回忆录,2
写,戏,2
写,散文,2
写,文字,2
写,日记,2
写,稿件,2
写,简历,2
写,诗歌,2
写,随笔,2
凑,钱,2
分,类,2
分,钱,2
分,问题,2
划,桨,2
划,船,2
列,队,2
刷,墙,2
刻,字,2
办,案子,2
办,税,2
加,油,2
加,速,2
升,火,2
卖,关子,2
印,名片,2
即,赶快,2
卷,袖子,2
反,胃,2
反,自己,2
发,井冈春,2
发,光,2
发,威势,2
发,急,2
发,方向,2
发,毛,2
发,热,2
发,电,2
发,端,2
发,笑,2
发,财,2
叫,我,2
叫,板,2
叫,真儿,2
叮,人,2
吃,工具,2
吃,糖,2
吃,面,2
吃,鱼,2
合,拍,2
同,她,2
吓,人,2
吸,毒,2
吹,火,2
和,不,2
哭,天,2
唤,人,2
唤,他,2
唤,诗人,2
唱,儿歌,2
唱,情歌,2
唱,春,2
唱,曲,2
唱,校歌,2
啄,米,2
喊,口号,2
喝,威士忌,2
喝,香片,2
嘲,自己,2
四,案件,2
回,刚,2
回,当时,2
在,商量,2
在,综合,2
地,头,2
地,手,2
地,歉,2
地,雪,2
坐,家,2
坐,身子,2
埋,我,2
堆,笑容,2
处,案件,2
处,问题,2
大,钱玄同,2
夸,我,2
奏,音乐,2
套,交情,2
学,，,2
学,专业课,2
学,中文,2
学,医,2
学,数学,2
学,日语,2
学,样,2
学,法语,2
学,舞蹈,2
孵,蛋,2
安,她,2
对,戏,2
射,箭,2
小,不,2
带,学生,2
帮,忙,2
常,不,2
干,不,2
干,事业,2
干,事情,2
干,家务,2
床,不,2
建,自信心,2
开,心,2
开,枪,2
开,染坊,2
开,花,2
开,门,2
开,餐馆,2
当,红娘,2
快,不,2
念,她,2
念,诗,2
忽,病,2
怕,父亲,2
怜,自己,2
想,事,2
想,事情,2
想,历年,2
想,去年,2
想,母亲,2
想,老爷,2
惹,事,2
感,不,2
或,旱,2
才,身,2
打,假,2
打,喷嚏,2
打,嚏喷,2
打,太极拳,2
打,寒战,2
打,怪,2
打,我,2
打,牌,2
打,磕睡,2
打,网球,2
打,羽毛球,2
打,腰鼓,2
打,选战,2
打,雪仗,2
打,雷,2
打,高尔夫,2
扫,雪,2
扬,眼,2
扯,皮,2
批,春晚,2
找,书,2
找,人,2
找,后帐儿,2
抄,电话,2
把,笔,2
抓,你,2
抓,工作,2
抓,笔,2
抡,板斧,2
抬,他,2
抬,来头,2
抬,过头,2
抱,他,2
抹,眼泪,2
抽,疯,2
担,女儿,2
担,对外,2
担,心,2
拈,笔,2
拍,人,2
拍,曲子,2
拍,桌子,2
拔,根,2
拖,地,2
招,我,2
拼,命,2
拼,酒,2
拾,狗,2
拾,箭,2
拿,剪刀,2
拿,手机,2
拿,扫帚,2
拿,杯子,2
拿,枪杆子,2
拿,棍棒,2
拿,笛,2
拿,药,2
拿,镜子,2
拿,门,2
拿,隐身草,2
拿,鼠标,2
指,路,2
挑,书,2
挑,担子,2
挑,衣服,2
挖,人,2
挣,身,2
挥,拳头,2
挺,腰板,2
挺,身子,2
捆,他,2
捏,肩膀,2
捞,钱,2
捡,石头,2
捧,书本,2
捻,笔,2
掀,了,2
掀,它,2
推,车,2
提,剑,2
提,头,2
提,我,2
提,抗诉,2
提,杨帆,2
提,袭人,2
提,问题,2
提,黄河,2
插,花,2
揭,纸,2
搞,政治,2
搞,科研,2
搞,育种,2
搬,东西,2
搬,家,2
摆,POSE,2
摆,摊,2
摆,枕头,2
摔,跤,2
摘,桃子,2
撅,嘴,2
撑,，,2
撒,尿,2
撒,泼,2
撞,钟,2
撩,袖子,2
擎,地球,2
擦,地板,2
擦,鞋,2
收,人,2
收,笑容,2
放,光,2
放,火炮,2
教,他,2
教,歌,2
教,课,2
敬,她,2
敬,礼,2
数,数,2
数,钱,2
数,饺子,2
敲,门,2
斗,气,2
日,，,2
早,得,2
时,不,2
晨,，,2
月,，,2
有,不,2
朗,诗歌,2
杀,敌,2
杀,病毒,2
板,脸孔,2
架,火,2
查,字,2
正,手,2
比,人家,2
比,农民,2
比,古代,2
比,同龄人,2
比,国内,2
比,国外,2
比,国家,2
比,夏天,2
比,奢侈品,2
比,女性,2
比,它,2
比,对手,2
比,工业,2
比,平时,2
比,张艺谋,2
比,当年,2
比,往年,2
比,您,2
比,昨天,2
比,朗读,2
比,武,2
比,清末,2
比,湖南,2
比,炼药师,2
比,电影,2
比,番茄,2
比,石油,2
比,红军,2
比,英语,2
比,西方,2
比,语言,2
比,这个,2
比,选手,2
比,那些,2
比,青椒,2
比,黄山,2
没,得,2
洗,手,2
流,眼泪,2
流,血,2
浇,地,2
滚,雪球,2
演,夫妻,2
演,对手戏,2
烤,肉,2
照,像,2
犯,病,2
犯,痴,2
玩,古董,2
玩,女人,2
玩,手机,2
现,不,2
用,功,2
用,它,2
用,旱,2
用,药,2
画,眉,2
盖,房子,2
直,背,2
直,腰杆,2
直,身体,2
相,精灵,2
看,小说,2
看,戏,2
看,我,2
看,比赛,2
看,热闹,2
看,球赛,2
看,视频,2
真,不,2
睁,眼,2
研,号码,2
研,墨,2
确,不,2
种,花,2
种,菜,2
积,不,2
穿,丝袜,2
穿,凉鞋,2
站,了,2
端,水,2
端,酒杯,2
筛,锣,2
算,）,2
算,钱,2
管,学生,2
管,闲事,2
累,不,2
纵,身,2
纺,线,2
练,字,2
练,拳,2
练,武,2
练,球,2
组,学习,2
织,布,2
绘,图,2
缠,足,2
缩,尾巴,2
缴,税,2
罚,款,2
罢,工,2
羡,他们,2
翻,跟头,2
考,我,2
耍,无赖,2
耕,田,2
联,宗,2
背,书,2
背,单词,2
背,手,2
舞,剑,2
荡,秋千,2
补,课,2
表,节目,2
解,问题,2
解,题,2
讨,他,2
讨,它,2
讨,问题,2
训,我,2
记,什么,2
记,他,2
记,你,2
记,我,2
讲,实在,2
讲,山海经,2
讲,近年,2
论,名字,2
论,法力,2
论,辈分,2
说,业务,2
说,中文,2
说,俏皮话,2
说,女儿,2
说,它,2
说,往事,2
说,成绩,2
说,教学,2
说,母语,2
说,理论,2
说,病,2
说,胡话,2
说,问题,2
读,它,2
谈,，,2
谈,价格,2
谈,孩子,2
谈,往事,2
谈,母校,2
谈,玉米,2
谈,环保,2
谈,自己,2
谈,训练,2
谈,这些,2
负,权力,2
责,他,2
责,我,2
责,自己,2
购,不,2
贷,款,2
资,不,2
走,步,2
越,不,2
跳,交际舞,2
跳,华尔兹舞,2
躬,背,2
转,弯,2
过,年,2
迈,步子,2
追,她,2
逞,强,2
道,歉,2
郭,身,2
配,戏,2
采,茶,2
钻,牛角尖,2
锁,门,2
长,精神头,2
长,肉,2
闭,城,2
问,东土,2
问,你,2
问,我们,2
问,浙大,2
闷,头,2
闹,脾气,2
飞,脚,2
骂,他,2
骂,街,2
黑,脸,2
鼓,翅膀,2
",",/,1
，,亚,1
，,大兵,1
，,甜味,1
，,造草庵,1
，,首,1
，,首先,1
、,得,1
：,不,1
：,首,1
！,！,1
?,首,1
？,首,1
…,…,1
…,不,1
。,病,1
’,门,1
“,”,1
”,书,1
”,什么,1
”,刮,1
”,北大,1
”,历史,1
”,地球,1
”,她,1
”,实验,1
”,客人,1
”,小说,1
”,山,1
”,我,1
”,我们,1
”,手,1
”,报纸,1
”,水果,1
”,瓶子,1
”,盐,1
”,脸皮,1
”,自己,1
”,虫子,1
”,话,1
”,课,1
”,赵忠尧,1
”,郭台铭,1
”,镜子,1
「,」,1
」,背,1
1,。,1
3,床,1
一,·,1
一,》,1
一,上山,1
一,下乡,1
一,不妨,1
一,专程,1
一,个案,1
一,为,1
一,也,1
一,了,1
一,争取,1
一,事先,1
一,互动,1
一,交换,1
一,修,1
一,做事,1
一,公事,1
一,关注,1
一,冲上,1
一,冲下山,1
一,凑热闹,1
一,出动,1
一,出去,1
一,出发,1
一,出远门,1
一,分工,1
一,割,1
一,办瑞顿,1
一,动员,1
一,劳动,1
一,北上,1
一,召唤,1
一,吃,1
一,合伙,1
一,合并,1
一,合谋,1
一,吹,1
一,唱歌,1
一,商量,1
一,喷出,1
一,围攻,1
一,地,1
一,大家,1
一,奔,1
一,好好,1
一,定期,1
一,小妖,1
一,干起,1
一,干预,1
一,应邀,1
一,开会,1
一,开车,1
一,征集,1
一,得,1
一,念,1
一,手,1
一,扒出,1
一,打上,1
一,打扫,1
一,打闹,1
一,抓,1
一,拆开,1
一,拉上,1
一,拔出,1
一,拔起,1
一,招聘,1
一,拷贝,1
一,掀起,1
一,提前,1
一,插秧,1
一,搞,1
一,搭,1
一,摇,1
一,故事,1
一,整体,1
一,朝,1
一,期待,1
一,期盼,1
一,歌唱,1
一,水里,1
一,波动,1
一,浮上,1
一,漂起,1
一,灌水,1
一,点,1
一,烹煮,1
一,燃烧,1
一,献血,1
一,生活,1
一,用餐,1
一,申请,1
一,畅谈,1
一,砌起,1
一,租用,1
一,笔,1
一,等,1
一,签,1
一,简单,1
一,约,1
一,结伴,1
一,聊天,1
一,联合,1
一,背,1
一,舀起,1
一,舞,1
一,行,1
一,袭,1
一,要,1
一,负责,1
一,购物,1
一,走路,1
一,跟,1
一,跟车,1
一,转移,1
一,返,1
一,返乡,1
一,进,1
一,进一步,1
一,迸出,1
一,送进宫,1
一,逃难,1
一,逐个,1
一,酒,1
一,降临,1
一,集成,1
一,雨,1
一,领,1
七,不,1
万,不,1
万,病,1
三,”,1
三,事件,1
上,刺刀,1
上,卷子,1
上,字,1
上,病,1
上,眼,1
上,货,1
上,身子,1
上,颜色,1
下,刀,1
下,土,1
下,大暴雨,1
下,大雪,1
下,好,1
下,小雪,1
下,工夫,1
下,毒,1
下,瓜,1
下,神,1
下,秋雨,1
下,象棋,1
下,邓正,1
下,雨夹雪,1
下,雾,1
不,、,1
不,一点劲,1
不,一百,1
不,丫头,1
不,中,1
不,书名,1
不,人力,1
不,仗,1
不,价,1
不,会,1
不,你,1
不,信心,1
不,兴,1
不,声势,1
不,外地,1
不,它,1
不,工作,1
不,情欲,1
不,情绪,1
不,意思,1
不,我们,1
不,手,1
不,架子,1
不,框架,1
不,棵,1
不,汽水粉,1
不,火,1
不,狠,1
不,班子,1
不,电,1
不,眼,1
不,神儿,1
不,答案,1
不,美感,1
不,群众,1
不,老,1
不,老师,1
不,脊梁,1
不,脑袋,1
不,脸,1
不,脾气,1
不,腰杆子,1
不,腿,1
不,花,1
不,话,1
不,谁,1
不,豆腐,1
不,辈分,1
不,还,1
不,这,1
不,钱,1
不,麦子,1
丢,面子,1
两,案例,1
两,案子,1
两,诉讼,1
个,不,1
中,工业用,1
串,十,1
串,门,1
临,画,1
举,再,1
举,大拇指,1
举,宝剑,1
举,帽子,1
举,望远镜,1
举,杯子,1
举,桶,1
举,棒,1
举,火,1
举,灯,1
举,玉�,1
举,电话,1
举,眼,1
举,碗,1
举,筑,1
举,罗,1
举,脚,1
举,过头,1
举,酒,1
之,用,1
乌,身,1
乞,食,1
也,了,1
习,武,1
书,单词,1
书,春联,1
买,保险,1
买,奢侈品,1
买,房子,1
买,礼物,1
买,票,1
买,衣服,1
了,”,1
了,用,1
争,思想家,1
争,这些,1
争,钥匙,1
争,问题,1
事,因,1
于,酒,1
互,关系,1
五,笔,1
亚,脚,1
交,感想,1
交,税,1
交,艺术,1
享,啤酒,1
享,美味,1
亮,，,1
亮,灯,1
亮,车灯,1
亲,嘴,1
亲,她,1
人,情,1
人,病,1
人,笔,1
人,话,1
人,贫,1
人,车,1
仇,莫林,1
今,我,1
今,进一点,1
今,都,1
介,业务,1
介,云锦,1
介,亚运,1
介,产品,1
介,创业街,1
介,宜兴,1
介,工作,1
介,我,1
介,男友,1
介,网站,1
介,芜湖,1
介,行情,1
介,近年,1
介,鸟类,1
付,责任,1
仨,计划,1
仰,事,1
仰,手,1
仰,面,1
企,不,1
会,伙,1
会,手,1
会,身,1
伟,苦,1
传,你,1
传,架,1
伽,身,1
但,不,1
低,存额,1
何,刀兵,1
何,愁,1
何,身,1
佛,笔,1
作,乐,1
作,习题,1
作,事,1
作,事业,1
作,学问,1
作,实验,1
作,对,1
作,小说,1
作,序,1
作,弊,1
作,我,1
作,战,1
作,文,1
作,文章,1
作,曲,1
作,案,1
作,比较,1
作,生意,1
作,研究,1
作,耗,1
作,运动,1
作,题,1
佩,GMAC,1
佩,他,1
佩,奶奶,1
佩,妃子,1
佩,妈妈,1
佩,导演,1
使,左手枪,1
使,毛笔,1
使,美人计,1
侃,价格,1
侃,大山,1
侃,女人,1
侍,你,1
供,你,1
供,寺庙,1
供,龙牌爷,1
依,因,1
侧,身躯,1
侯,娇,1
便,得,1
便,笔,1
便,身,1
便,锯,1
俅,身,1
俘,一些,1
保,老公,1
保,马援,1
信,上帝,1
信,佛,1
信,家长,1
信,教,1
信,无神论,1
信,道教,1
修,地铁,1
修,家宅,1
修,计划史,1
修,论文,1
修,长城,1
俯,头,1
俺,不,1
倒,不,1
倒,关子,1
倒,我,1
倒,脸,1
倒,茶,1
倒,车,1
倘,雨,1
借,钱,1
倡,绝对论,1
假,养家人,1
做,”,1
做,&quot;,1
做,flash,1
做,VC,1
做,丈夫,1
做,主妇,1
做,乌龟,1
做,习题,1
做,事儿,1
做,产业链,1
做,产品,1
做,亲戚,1
做,作品,1
做,俗谣,1
做,信誉,1
做,俯卧撑,1
做,俯视者,1
做,光,1
做,公关,1
做,公务,1
做,农活,1
做,前戏,1
做,功课,1
做,壶,1
做,复习题,1
做,太上皇,1
做,宣传,1
做,家事,1
做,展览,1
做,庄家,1
做,应用,1
做,弓箭,1
做,强盗,1
做,影评,1
做,恶,1
做,恶事,1
做,我,1
做,房地产,1
做,手工,1
做,手脚,1
做,投资,1
做,指挥,1
做,收割机,1
做,教育,1
做,数学题,1
做,新闻,1
做,本分,1
做,机器人,1
做,板书,1
做,案,1
做,案件,1
做,模型,1
做,汤圆,1
做,法,1
做,法事,1
做,活动,1
做,浪,1
做,深呼吸,1
做,烧烤,1
做,版式,1
做,生意经,1
做,画,1
做,知己,1
做,砖,1
做,窗户,1
做,窝,1
做,笔筒,1
做,答案,1
做,管理者,1
做,练习,1
做,翻译,1
做,老师,1
做,老本行,1
做,股东,1
做,艺术家,1
做,菜,1
做,设计,1
做,试验,1
做,诗文,1
做,课题,1
做,身,1
做,运动,1
做,近年,1
做,这个,1
做,针线,1
做,销售,1
做,锅头,1
做,镜头,1
做,隐士,1
做,雕塑,1
做,音乐,1
做,音乐人,1
做,饭菜,1
做,饺子,1
做,饼,1
做,香包,1
做,麦饼,1
做,黄婆,1
做,黄梁美梦,1
做,龙舟,1
偷,笑,1
储,一些,1
催,儿子,1
催,我,1
元,；,1
充,向导,1
充,听众,1
充,大,1
充,气,1
兑,奖,1
兜,圈圈,1
兜,圈子,1
全,不,1
关,下属,1
关,作品,1
关,唐寅,1
关,国门,1
关,孩子,1
关,小麦,1
关,战争,1
关,时尚,1
关,民生,1
关,窗户,1
关,股票,1
关,舞蹈,1
关,越剧,1
关,骑射,1
兴,大狱,1
兴,慈心,1
兴,掌,1
兴,话,1
兴,近年,1
兵,已,1
养,兔子,1
养,宠物,1
养,狗,1
养,蚕,1
养,鸡,1
养,鸭子,1
内,不,1
内,手,1
再,不,1
再,人马,1
冒,，,1
冒,导演,1
冒,油,1
冒,火,1
写,CSS,1
写,中国字,1
写,书评,1
写,人,1
写,代码,1
写,休书,1
写,决议,1
写,剧本,1
写,博客,1
写,卷子,1
写,奏疏,1
写,字母,1
写,字画,1
写,常识,1
写,影评,1
写,斗方,1
写,新闻,1
写,曲,1
写,材料,1
写,汉字,1
写,白话文,1
写,相声,1
写,程序,1
写,程式,1
写,篆字,1
写,绝望,1
写,议论文,1
写,赵高,1
写,通史,1
写,通讯,1
写,题,1
冤,我,1
冲,茶,1
决,事情,1
冷,脸,1
冻,病根,1
准,晚饭,1
凑,伙儿,1
凝,共识,1
凝,我,1
几,不,1
几,事件,1
几,事例,1
几,事故,1
几,冤假错案,1
几,近年,1
几,错案,1
凶,人,1
凸,本文,1
凸,部分,1
出,不,1
出,乱子,1
出,文章,1
出,气,1
出,汗,1
出,牌,1
出,神,1
出,血,1
出,问题,1
击,掌,1
分,任务,1
分,原因,1
分,形势,1
分,走势,1
分,银子,1
切,东西,1
切,小东西,1
切,牌,1
切,球技,1
切,萝卜,1
切,蛋糕,1
划,浆,1
划,痕,1
划,竹筏,1
列,阵,1
刘,关子,1
刘,身,1
则,念,1
刚,不,1
创,利润,1
创,新,1
创,词,1
初,中专班,1
判,事情,1
判,案,1
判,话,1
刨,冻土,1
刨,根,1
利,，,1
利,我,1
刮,地皮,1
刮,沙尘暴,1
刮,狂风沙,1
刮,铁炉,1
刮,雪,1
刮,雪暴,1
刮,顺风,1
刮,风暴,1
制,播种机,1
制,表,1
制,飞机,1
制,龙,1
刷,怪,1
刺,情报,1
刺,血性,1
刻,，,1
剃,胡子,1
前,戏,1
前,相,1
剔,牙,1
剥,包谷,1
剪,布,1
剪,指甲,1
割,稻子,1
割,胶,1
割,麦子,1
劈,柴,1
劝,他,1
劝,他们,1
劝,老师,1
劝,记者,1
办,业务,1
办,事儿,1
办,交涉,1
办,企业,1
办,合作社,1
办,外交,1
办,实业,1
办,差,1
办,手续,1
办,案件,1
办,水利,1
办,活动,1
办,盛席,1
办,私事,1
办,罪,1
办,贪腐案,1
加,刑法,1
加,班,1
动,不,1
动,了,1
动,公众,1
动,刀,1
动,刀兵,1
动,它,1
动,心思,1
动,拳脚,1
动,民众,1
动,灵感,1
动,爱心,1
动,真格,1
动,筷子,1
动,肝火,1
动,脑子,1
勃,观点,1
勾,伤心,1
勾,狐狸精,1
勾,线,1
勾,观众,1
包,伤口,1
包,烤肉,1
包,粽子,1
包,馄饨,1
化,淡妆,1
千,事,1
升,，,1
升,。,1
升,”,1
升,一,1
升,方位,1
升,炊烟,1
升,炮台,1
升,腰,1
升,金币,1
卖,东西,1
卖,军火,1
卖,冰淇淋,1
卖,唱,1
卖,快餐,1
卖,报纸,1
卖,油,1
卖,米粉,1
卖,肉,1
卖,腌鱼片,1
卖,西瓜,1
卖,车,1
卖,鹰,1
占,卜,1
卫,茶,1
卯,劲,1
即,派员,1
即,调整,1
却,雨,1
卷,他,1
卷,挂毡,1
卷,腿,1
压,腿,1
厌,习作,1
厌,自己,1
厌,鲁迅,1
厨,酒,1
去,，,1
叉,手,1
叉,腰,1
双,”,1
反,右,1
反,妈,1
反,气,1
反,法条主义,1
反,酬谢,1
发,，,1
发,Email,1
发,SP,1
发,作用,1
发,兴,1
发,凶性,1
发,凶狂,1
发,功,1
发,十几万,1
发,单位,1
发,大家,1
发,大火,1
发,学生,1
发,宏论,1
发,得,1
发,恨,1
发,意见,1
发,感想,1
发,慈悲,1
发,挑战,1
发,捐款,1
发,攻击,1
发,来火,1
发,极,1
发,横财,1
发,洪水,1
发,消息,1
发,漏,1
发,烫,1
发,牛脾气,1
发,犟脾气,1
发,甜,1
发,痴,1
发,直,1
发,短信,1
发,神经,1
发,群众,1
发,脾性,1
发,花柳病,1
发,芽儿,1
发,菩提心,1
发,设立,1
发,评论,1
发,诉讼,1
发,话,1
发,说话,1
发,跳,1
发,车,1
发,运动,1
发,酒疯,1
发,音,1
取,经,1
取,鞋,1
变,心,1
变,脸,1
变,苹果,1
叙,旧,1
叙,阵法,1
叠,字,1
叠,手绢,1
叠,精神,1
叠,葫芦,1
叠,蚱蜢,1
叨,我,1
叫,冤枉,1
叫,名,1
叫,姐姐,1
叫,小桂子,1
叫,床,1
叫,救命,1
叫,林冲,1
叫,灵魂,1
叫,真,1
叫,穷,1
叫,筱雅,1
叫,谁,1
叫,邻舍,1
叫,重工,1
叫,阵,1
叫,饿,1
召,人马,1
召,大家,1
可,他,1
可,她,1
可,得,1
可,水枪,1
可,牛劲,1
可,自己,1
可,阿拉伯人,1
台,手,1
叶,天,1
叹,他,1
叼,他,1
叼,黄羊,1
吃,冰糕,1
吃,土,1
吃,它,1
吃,宵夜,1
吃,干粮,1
吃,拌面,1
吃,排骨,1
吃,早点,1
吃,果仁,1
吃,桃子,1
吃,棒棒糖,1
吃,水果,1
吃,烤肉,1
吃,牛肉,1
吃,猪食,1
吃,玉米棒子,1
吃,甘蔗,1
吃,窝边草,1
吃,竹子,1
吃,米,1
吃,米粉,1
吃,肉饼,1
吃,胎盘,1
吃,胡萝卜,1
吃,草,1
吃,蝗虫,1
吃,螺肉,1
吃,豆腐,1
吃,酒,1
吃,钱,1
吃,零食,1
吃,章鱼,1
吃,食品,1
吃,饺子,1
吃,馒头,1
吃,鸡蛋,1
吆,生意,1
合,书本,1
合,伙儿,1
合,手,1
合,眼睛,1
合,钱,1
吉,馒头,1
吊,胃口,1
同,儿子,1
同,妈妈,1
同,手,1
同,阮玲,1
同,韩国人,1
后,不,1
吐,酒,1
吓,老子,1
吟,咒语,1
听,名,1
听,新闻,1
听,日语,1
听,歌,1
听,磁带,1
听,粤语,1
听,讲,1
听,雨,1
听,雨声,1
听,音乐,1
吴,身,1
吵,口,1
吸,大头针,1
吸,大烟,1
吸,气,1
吸,血,1
吹,NB,1
吹,口哨儿,1
吹,口琴,1
吹,号,1
吹,它,1
吹,气,1
吹,法螺,1
吹,灯,1
吹,画角,1
吹,笛子,1
吹,箫,1
吹,葫芦丝,1
吼,军歌,1
告,我,1
周,世界,1
呵,热气,1
命,题,1
咋,不,1
和,歌,1
和,落,1
和,面,1
咏,他,1
咬,东西,1
咬,嘴唇,1
咬,指甲,1
咬,架,1
品,不,1
品,女人,1
品,文字儿,1
品,菜,1
哄,他,1
哄,孩子,1
哄,我,1
哄,旱,1
哄,身,1
响,幸福,1
响,掌声,1
响,铃,1
响,鼻子,1
哪,得,1
哭,穷,1
哼,京剧,1
哼,小曲儿,1
哼,戏,1
哼,调调,1
唠,父亲,1
唤,大家,1
唤,民众,1
唱,R&B,1
唱,信天游,1
唱,圣歌,1
唱,圣诗,1
唱,对歌,1
唱,彩调,1
唱,戏曲,1
唱,昆曲,1
唱,曲子,1
唱,秦腔,1
唱,经,1
唱,老歌,1
唱,诗歌,1
唱,闽南语,1
啃,东西,1
啃,书,1
啃,竹子,1
啃,老玉米,1
啄,米粒,1
商,什么,1
商,对策,1
商,手,1
商,脑筋,1
商,角色,1
喂,我,1
喂,猪,1
善,身,1
喊,屈,1
喊,死神,1
喊,热,1
喊,痛,1
喊,穷,1
喊,经理,1
喊,话,1
喊,过渡,1
喘,粗气,1
喜,JAVA,1
喜,数学,1
喜,文学,1
喜,美女,1
喜,香港,1
喝,人,1
喝,倒彩,1
喝,农药,1
喝,果酒,1
嗜,酒,1
嘟,号,1
嘲,它,1
嘲,我,1
嘲,清高,1
噎,酸,1
回,上次,1
回,什么,1
回,他,1
回,以前,1
回,初中生涯,1
回,它,1
回,当初,1
回,当年,1
回,话,1
回,这个,1
回,那些天,1
回,黄敬,1
困,我,1
围,十,1
围,圈子,1
国,事情,1
圈,地,1
在,？,1
在,。,1
在,）,1
在,一起,1
在,买,1
在,冲,1
在,分析,1
在,单独,1
在,对照,1
在,工作,1
在,换,1
在,是,1
在,滚,1
在,而,1
在,讨论,1
在,集中,1
地,事儿,1
地,报价,1
地,普通话,1
地,案,1
地,棋,1
地,沥青,1
地,灯,1
地,炭火盆,1
地,烟,1
地,牙,1
地,画,1
地,相,1
地,米,1
地,脚,1
地,腿,1
地,衣服,1
地,课,1
地,身,1
坐,，,1
坐,事,1
坐,牢,1
坐,茶馆,1
坑,人,1
块,不,1
坚,信心,1
埋,主席,1
埋,人,1
埋,儿子,1
埋,头,1
埋,妈妈,1
埋,父亲,1
埋,父母,1
埋,理发师,1
埋,男人,1
埋,老公,1
埋,老爸,1
埋,读书,1
埋,队友,1
培,素质,1
培,语感,1
基,不,1
堆,他,1
堆,山,1
堆,稻草,1
堆,花,1
堆,雪人,1
堑,创业,1
堵,嘴,1
填,土,1
填,志愿,1
填,数字,1
填,词,1
声,身,1
处,，,1
处,举报人,1
处,汉字,1
处,申请,1
处,素材,1
处,青铜,1
复,功课,1
复,词汇,1
夙,咱们,1
多,外地,1
多,案件,1
多,火灾,1
夜,病,1
大,，,1
大,不,1
大,吴兵,1
大,娘,1
大,气,1
大,汤,1
大,胆子,1
大,酒,1
天,头,1
天,手,1
天,雪,1
夸,孙富香,1
夸,对方,1
夸,志愿者,1
夸,战士,1
夸,爸爸,1
夸,王岳武,1
夸,贸促会,1
夹,菜,1
夹,螃蟹,1
夺,鱼,1
奏,丝竹管弦,1
奔,野兔,1
奖,卑躬屈节,1
奚,他,1
她,不,1
好,信儿,1
好,杯中物,1
如,不,1
妆,腔,1
妆,通,1
妇,手,1
妳,路,1
妹,娇,1
委,任务,1
娘,身,1
嫌,他,1
嫌,它,1
孙,手,1
学,习,1
学,仓颉,1
学,会,1
学,会计,1
学,你,1
学,倭话,1
学,口语,1
学,孙悟空,1
学,巴西,1
学,建筑,1
学,戏,1
学,我,1
学,打球,1
学,投资,1
学,抖皮鞭,1
学,文字,1
学,新歌,1
学,日文,1
学,普通话,1
学,木刻,1
学,桥牌,1
学,武术,1
学,油画,1
学,法文,1
学,泰语,1
学,理论,1
学,理财,1
学,电脑,1
学,画,1
学,立体几何,1
学,签名,1
学,绘画,1
学,编织,1
学,老师们,1
学,英文,1
学,设计,1
学,语文,1
学,语言,1
学,马列主义,1
学,鸡鸣,1
它,不,1
宇,腰,1
守,门,1
安,大家,1
安,工作,1
安,我们,1
安,母亲,1
官,威风,1
官,身,1
实,不,1
实,证,1
审,它,1
审,报告,1
审,证,1
宣,事情,1
宣,新片,1
宰,鸡,1
害,人,1
害,单相思,1
害,我,1
害,眼,1
害,秋天,1
容,得,1
宽,我,1
宽,王虎林,1
对,，,1
对,位,1
对,削球,1
对,基督教,1
对,希特勒,1
对,诗,1
寻,事情,1
寻,岩泥,1
寻,母亲,1
寻,父亲,1
寻,钥匙,1
将,话,1
尖,耳朵,1
尝,爱,1
就,了,1
就,字,1
就,手,1
尽,脚,1
尽,责任,1
屈,腿,1
岳,显赫,1
岳,身,1
崇,彭,1
崇,我,1
崛,。,1
崛,一样,1
崛,上,1
崛,却,1
崛,历程,1
崛,当中,1
崛,自身,1
崛,近年,1
崛,速度,1
工,不,1
巴,上司,1
布,作业,1
布,工作,1
帖,图,1
带,本科,1
带,泥沙,1
带,润滑油,1
带,脚,1
带,裁缝,1
带,金黄色,1
帮,人,1
帮,我,1
帮,杰森,1
干,事儿,1
干,仗,1
干,企业,1
干,信息化,1
干,实事,1
干,幼师,1
干,广告,1
干,政治,1
干,暴动,1
干,杯,1
干,管理,1
干,训练,1
干,这个,1
平,”,1
平,腰,1
平,身,1
年,",",1
年,APP,1
年,就,1
年,开始,1
应,SAT,1
应,人,1
应,白话文,1
应,考试,1
底,不,1
廷,笔,1
建,交流,1
建,团队,1
建,园,1
建,围墙,1
建,围栏,1
建,城,1
建,大学,1
建,宝塔,1
建,小楼,1
建,房子,1
建,教堂,1
建,权威,1
建,档案,1
建,法治,1
建,理想,1
建,社会主义,1
建,自信,1
开,，,1
开,不,1
开,业务,1
开,咖啡馆,1
开,圩田,1
开,夜车,1
开,头,1
开,家长会,1
开,小差,1
开,展览,1
开,年会,1
开,战,1
开,才,1
开,拍卖会,1
开,汽车,1
开,济生堂,1
开,火儿,1
开,煤矿,1
开,网站,1
开,茶馆,1
开,荤笑话,1
开,药,1
开,药房,1
开,行车,1
开,车子,1
开,酒,1
开,酒店,1
开,酒馆,1
开,门脸儿,1
开,院务会,1
弄,总书记,1
弄,权,1
弄,法,1
弄,风雅,1
弓,腰,1
引,、,1
引,中国,1
引,书生,1
引,事,1
引,事端,1
引,人,1
引,从事,1
引,众多,1
引,众怒,1
引,全球,1
引,全社会,1
引,公民,1
引,内乱,1
引,反对,1
引,外伤,1
引,对面,1
引,工人,1
引,当时,1
引,彼,1
引,混淆,1
引,火,1
引,热议,1
引,用,1
引,矛盾,1
引,科学家,1
引,轰动,1
张,夜宵,1
张,天,1
张,帆,1
张,教授,1
张,近年,1
张,酒,1
弹,七弦琴,1
弹,吉他,1
弹,吉它,1
弹,竖琴,1
弹,箜篌,1
弹,钢盔,1
强,科研,1
当,不,1
当,严父,1
当,乞丐,1
当,司仪,1
当,后卫,1
当,大少爷,1
当,妖怪,1
当,媒人,1
当,官,1
当,市长,1
当,志愿者,1
当,总理,1
当,教书匠,1
当,新闻官,1
当,杂工,1
当,校长,1
当,游客,1
当,演员,1
当,爸爸,1
当,画家,1
当,组长,1
当,老大,1
当,老板,1
当,考古家,1
当,艺术家,1
当,记者,1
当,评委,1
当,鸡头,1
录,像,1
形,丈夫,1
彤,天,1
征,婚,1
待,侄女,1
後,头,1
得,事,1
得,佛,1
得,又,1
得,天,1
得,好,1
得,摩丝,1
得,时,1
得,权威,1
得,气,1
得,病,1
得,脊梁,1
得,脚,1
得,腰杆,1
得,远道,1
微,脚,1
心,他,1
心,女儿,1
心,她,1
心,老婆,1
必,兵,1
必,大军,1
忆,“,1
忆,丈夫,1
忆,什么,1
忆,你,1
忆,初,1
忆,往事,1
忆,我,1
忆,月亮,1
忍,气,1
忙,农事,1
忙,午餐,1
忙,实验,1
忙,身,1
念,亲人,1
念,他,1
念,屈原,1
念,慕卿,1
念,时间,1
念,祈祷文,1
念,紫姬,1
念,英子,1
念,讲稿,1
念,课文,1
怀,他,1
怀,它,1
怀,慢,1
怀,旧,1
怀,科学,1
怀,穆里尼奥,1
怀,老妈,1
怒,贪官,1
怕,不,1
怕,写作,1
怕,我们,1
怕,死,1
怕,群众,1
怕,这些,1
怜,乔布斯,1
怜,无情,1
怜,父亲,1
思,亲人,1
思,妻子,1
思,孙一樵,1
思,家乡,1
思,寒衣,1
思,徐湮,1
思,未来,1
思,问题,1
怨,太阳,1
怨,羊脂球,1
怨,自己,1
怪,你,1
怪,当局,1
怪,葡萄藤,1
怪,门,1
恋,妈妈,1
恋,浮舟,1
恨,他,1
恨,你,1
恨,儿子,1
恨,她,1
恨,它,1
恨,我,1
恨,爷爷,1
恳,陈卫国,1
您,不,1
悬,心,1
悬,邓正,1
惜,像,1
惦,九马画山,1
惦,战争,1
惧,大自然,1
想,U2,1
想,Vista,1
想,一些,1
想,一点,1
想,不,1
想,二姐,1
想,体面,1
想,俺,1
想,农民,1
想,农药,1
想,冰冰,1
想,决心,1
想,刘青,1
想,创业,1
想,办法,1
想,卡罗琳,1
想,原物,1
想,变脸,1
想,古往今,1
想,叫板,1
想,吃,1
想,同,1
想,唱歌,1
想,妞妞,1
想,妹妹,1
想,姐姐,1
想,媒体,1
想,学者,1
想,宝玉,1
想,家人,1
想,家乡,1
想,小泉,1
想,山东,1
想,师傅,1
想,师父,1
想,幼时,1
想,张大鹏,1
想,张思齐,1
想,当初,1
想,徐静,1
想,心事,1
想,慕卿,1
想,我们,1
想,报警,1
想,春游,1
想,普京,1
想,普陀山,1
想,李侍尧,1
想,杜甫,1
想,杨帆,1
想,林,1
想,某某,1
想,桃儿,1
想,桃花源,1
想,武松,1
想,母校,1
想,水怪,1
想,法儿,1
想,漠月,1
想,潮泊河,1
想,炎天,1
想,点点,1
想,照相,1
想,父亲,1
想,父母,1
想,独山,1
想,祖国,1
想,禅智寺,1
想,答案,1
想,股东,1
想,胡新民,1
想,芬卡,1
想,苏北,1
想,茶碗,1
想,萨克斯,1
想,蔡祖泉,1
想,蜡笔小新,1
想,要,1
想,身,1
想,远山,1
想,采磨菇,1
想,韦达定理,1
想,饿,1
想,香肠,1
想,黛玉,1
意,病,1
愚,人,1
感,人,1
感,教育,1
感,近年,1
慕,陶渊明,1
憋,气,1
憎,妈妈,1
憎,布尔什维克,1
憎,希特勒,1
憎,自己,1
憎,镜子,1
懂,事儿,1
懂,礼貌,1
戏,马克思,1
成,26,1
我,头,1
我,床,1
戒,烟,1
或,头,1
战,，,1
戴,帽子,1
戴,花环,1
戳,木桩子,1
所,作用,1
扇,别人,1
扇,水,1
扇,耳光,1
手,刀,1
才,床,1
才,得,1
扎,把子,1
扎,架子,1
扎,花,1
扎,风筝,1
扑,巴掌,1
扑,翅膀,1
打,CF,1
打,CS,1
打,不,1
打,世界杯,1
打,主意,1
打,二郎庙,1
打,他,1
打,价格,1
打,会议室,1
打,保票,1
打,八卦掌,1
打,冰壶,1
打,冰球,1
打,刘一手,1
打,别人,1
打,包,1
打,口水仗,1
打,叶剑英,1
打,号子,1
打,呵欠,1
打,呼,1
打,哑谜,1
打,嗑睡,1
打,圆场,1
打,坝,1
打,大老爷,1
打,奶奶,1
打,她们,1
打,孩子,1
打,官腔,1
打,家务,1
打,寒颤,1
打,尖,1
打,快板,1
打,战,1
打,扇子,1
打,手势,1
打,扑克,1
打,折,1
打,抱不平,1
打,持久战,1
打,摆子,1
打,擂台,1
打,收入,1
打,敌人,1
打,斗子,1
打,方向,1
打,旋旋,1
打,杨素贞,1
打,板油,1
打,椅子,1
打,楼道,1
打,横幅,1
打,歌,1
打,武松,1
打,气,1
打,水漂,1
打,泡,1
打,流水板,1
打,游击,1
打,游戏,1
打,滕王阁,1
打,滚儿,1
打,漩涡,1
打,火,1
打,炮,1
打,犍椎,1
打,画,1
打,盹儿,1
打,短平快,1
打,神魂,1
打,稿,1
打,笑脸,1
打,算盘,1
打,精力,1
打,结,1
打,群架,1
打,聒听鼓,1
打,肉体,1
打,节奏,1
打,节拍,1
打,芒果,1
打,苍蝇,1
打,装备,1
打,赤膊,1
打,趣,1
打,转转,1
打,退堂鼓,1
打,针,1
打,钻,1
打,问号,1
打,马虎眼,1
打,鸣,1
打,黑枪,1
打,鼾声,1
扔,蛋糕,1
托,她,1
扛,了,1
扛,木棍,1
扛,机器,1
扛,树,1
扛,百,1
扛,门面,1
扣,钱,1
执,壶,1
执,规章,1
扫,地板,1
扫,枪弹,1
扬,前蹄,1
扬,沙子,1
扬,灰,1
扬,眉毛,1
扬,身,1
扬,过头,1
扭,腰肢,1
扮,螃蟹,1
扮,角色,1
扯,帆,1
扯,年龄,1
扯,弹弓,1
扯,手,1
扯,板路,1
扯,闲话,1
扳,命,1
扳,手指头,1
扳,面孔,1
扶,（,1
扶,他,1
扶,刘阿斗,1
扶,头,1
扶,我,1
扶,树,1
扶,武大,1
扶,钟寺净,1
批,他,1
批,作者,1
批,儿媳妇,1
批,同志,1
批,孩子,1
批,巴金,1
批,总理,1
批,桂林,1
批,父母,1
批,青年人,1
找,信息,1
找,工,1
找,我,1
找,我们,1
找,游戏,1
找,物品,1
找,衣服,1
找,裤子,1
找,资料,1
承,对外,1
承,工程,1
承,灾难,1
抄,亲戚家,1
抄,手,1
抄,拐杖,1
抄,枪,1
抄,棍子,1
抄,笔,1
把,纸,1
把,酒,1
抓,，,1
抓,他,1
抓,包,1
抓,枪,1
抓,民兵,1
抓,狂,1
抓,皇帝,1
抓,药,1
抓,落实,1
抓,角铁,1
抓,训练,1
抓,贼,1
抓,车刀,1
抓,酒,1
抓,钱,1
抓,饺子,1
抓,鱼,1
抓,鸡,1
投,石子,1
投,票,1
抖,威风,1
抖,空竹,1
抖,精神,1
折,书,1
折,人家,1
折,他们,1
折,实事,1
折,用户,1
折,花,1
折,花枝,1
抛,布,1
抛,鞋子,1
抠,成本,1
抡,头,1
抡,杆,1
抡,枪,1
抡,狼牙钉,1
抡,秤,1
抡,镐,1
抢,下铺,1
抢,我,1
抢,新闻,1
抢,板蓝根,1
抢,玩具,1
抢,生意,1
抢,身,1
抢,食,1
护,犊子,1
护,食,1
报,喜,1
抬,，,1
抬,不,1
抬,你,1
抬,城,1
抬,座椅,1
抬,手臂,1
抬,投,1
抬,操作,1
抬,眼神,1
抬,笔,1
抬,脑袋,1
抬,脚尖,1
抬,腰,1
抬,都,1
抬,首,1
抱,一点,1
抱,书匣子,1
抱,医生,1
抱,天气,1
抱,头,1
抱,婴长儿,1
抱,媒人,1
抱,孩子,1
抱,手,1
抱,月琴,1
抱,母亲,1
抱,父亲,1
抱,玉米棒棒,1
抱,综合处,1
抱,陈方明,1
抹,桌柜,1
抹,泪,1
抹,药,1
抽,烟斗,1
抽,球,1
抽,羊,1
抽,羊毛,1
抽,香烟,1
抽,鸦片,1
担,主角,1
担,冰雪,1
担,天气,1
担,她,1
担,宝,1
担,市场,1
担,雪,1
拈,花,1
拉,关系,1
拉,冰箱门,1
拉,她,1
拉,家长,1
拉,小孩,1
拉,小提琴,1
拉,屎,1
拉,帆,1
拉,拦阻网,1
拉,旗帜,1
拉,杨帆,1
拉,线,1
拉,肚,1
拉,被,1
拉,话,1
拉,身,1
拉,队伍,1
拉,雷公,1
拉,鱼网,1
拉,黄包车,1
拍,商业片,1
拍,头,1
拍,屁股,1
拍,板,1
拍,翅膀,1
拍,身,1
拍,门,1
拎,石锁,1
拎,身,1
拐,弯,1
拒,别人,1
拔,线,1
拔,脯儿,1
拔,草,1
拖,女儿,1
拖,车,1
招,人,1
招,她,1
招,学生,1
招,客人,1
招,弟子,1
招,手,1
拜,年,1
拜,老师,1
拣,书,1
拣,弓箭,1
拣,泥巴,1
拣,苹果,1
拨,号,1
拨,小球,1
拨,水,1
拱,手,1
拱,火,1
拼,用,1
拽,他,1
拽,成语,1
拽,我,1
拽,文,1
拽,杨帆,1
拽,袖,1
拽,身,1
拾,书本,1
拾,了,1
拾,头,1
拾,实用主义,1
拾,家伙,1
拾,小说,1
拾,枪,1
拾,棉花,1
拾,皮肤,1
拾,绝望,1
拿,DV,1
拿,一摞,1
拿,东西,1
拿,什么,1
拿,体温计,1
拿,信,1
拿,劈柴,1
拿,勺子,1
拿,合同,1
拿,听筒,1
拿,商品,1
拿,喷雾器,1
拿,她,1
拿,宝剑,1
拿,小说,1
拿,弓箭,1
拿,手,1
拿,手帕子,1
拿,手术刀,1
拿,手枪,1
拿,手表,1
拿,扑克,1
拿,报纸,1
拿,拍子,1
拿,挑开,1
拿,放大镜,1
拿,数学题,1
拿,文件,1
拿,日记,1
拿,暖瓶,1
拿,朴刀,1
拿,机械,1
拿,杆子,1
拿,杯,1
拿,架子,1
拿,桨,1
拿,榔头,1
拿,毛裤,1
拿,汤碗,1
拿,灯笼,1
拿,烟,1
拿,烟管,1
拿,照片,1
拿,照相机,1
拿,牌,1
拿,球,1
拿,球拍,1
拿,球杆,1
拿,瓶身,1
拿,画笔,1
拿,白布,1
拿,眉笔,1
拿,砖头,1
拿,秒表,1
拿,稿子,1
拿,笤帚,1
拿,简历,1
拿,紫菜,1
拿,绳子,1
拿,网,1
拿,胡小辉,1
拿,脚,1
拿,茶壶,1
拿,药水,1
拿,袖子,1
拿,设备,1
拿,试卷,1
拿,课本,1
拿,调羹,1
拿,账本,1
拿,跷,1
拿,软尺,1
拿,酒杯,1
拿,酒瓶,1
拿,针线,1
拿,钱,1
拿,铁锹,1
拿,锤子,1
拿,镢头,1
拿,长矛,1
拿,骨头,1
拿,麦克风,1
拿,麻绳,1
拿,鼻烟,1
挂,帆,1
挂,态度,1
挂,苦胆,1
指,下面,1
指,不,1
指,中国,1
指,交通,1
指,司机,1
指,娘,1
指,孩子,1
指,我们,1
指,陈卫国,1
按,AABB,1
按,肩膀,1
按,铃,1
按,键盘,1
挑,，,1
挑,一些,1
挑,争端,1
挑,他,1
挑,他们,1
挑,企业,1
挑,变化,1
挑,唐卡,1
挑,大梁,1
挑,头,1
挑,战,1
挑,无花果,1
挑,武斗,1
挑,毛病,1
挑,火头,1
挑,眼睛,1
挑,礼物,1
挑,边,1
挑,错,1
挑,骨头,1
挖,土,1
挖,地道,1
挖,我,1
挖,树坑,1
挖,水,1
挖,沙子,1
挖,耳朵,1
挠,头,1
挠,脑袋,1
挤,咱们,1
挤,李亚鹏,1
挤,娄师德,1
挥,剑,1
挥,国旗,1
挥,大棒,1
挥,屠刀,1
挥,杆,1
挥,笔,1
挥,鞭子,1
挪,身子,1
振,精力,1
挺,肩,1
挺,肩膀,1
挺,背,1
挺,胸脯,1
挺,腰杆子,1
挽,袖管,1
挽,颈项,1
捉,主人,1
捉,我,1
捉,秘藏,1
捉,老鼠,1
捉,虱子,1
捉,迷藏,1
捐,款,1
捐,钱,1
捕,蜻蜓,1
捞,朴刀,1
捞,虾,1
捡,包,1
捡,垃圾,1
捡,学业,1
捡,树叶,1
捡,球,1
捡,纸,1
捡,菜,1
捡,货品,1
捡,香皂,1
换,品种,1
换,挡,1
捣,乱,1
捣,蛋,1
捧,它,1
捧,画,1
捧,碗,1
捧,米,1
捧,茶杯,1
捶,背,1
捶,腿,1
掀,浪潮,1
掀,砖,1
掀,米,1
掀,袍,1
掀,被,1
掉,文袋儿,1
掉,泪,1
掉,眼泪,1
掉,碎片,1
掌,动作,1
掏,大便,1
掏,美金,1
掏,钱,1
掐,架,1
掐,脖子,1
掐,麦穗,1
排,，,1
排,座位,1
排,戏,1
排,手,1
排,摊,1
排,积水,1
排,长队,1
排,长龙,1
排,马屁,1
掘,土,1
探,身,1
接,水,1
接,知识,1
接,轨,1
接,钩,1
推,不丹,1
推,书,1
推,产品,1
推,佛教,1
推,博尔赫斯,1
推,商品,1
推,头,1
推,小车,1
推,手,1
推,斗,1
推,物品,1
推,盘,1
推,自己,1
掰,手腕,1
揉,太阳穴,1
揉,白沫,1
揉,肚子,1
揉,肩,1
揍,人,1
揍,我,1
描,历史,1
描,容貌,1
提,MF,1
提,s,1
提,yoga,1
提,上诉,1
提,事实,1
提,他们,1
提,傅君,1
提,元稹,1
提,公诉,1
提,兴致,1
提,刚,1
提,力气,1
提,劲头,1
提,包,1
提,反腐败,1
提,取经,1
提,后诉,1
提,吴三桂,1
提,嗓子,1
提,国家,1
提,国民党,1
提,地震,1
提,壶,1
提,如何,1
提,它,1
提,宝钗,1
提,家,1
提,就,1
提,建议,1
提,当时,1
提,彩票,1
提,感兴趣,1
提,戥子,1
提,拳头,1
提,指控,1
提,掌,1
提,朱笔,1
提,根,1
提,桂林,1
提,桨,1
提,正,1
提,母校,1
提,民主,1
提,法律,1
提,激情,1
提,王永杰,1
提,瓶,1
提,盖子,1
提,知青,1
提,神儿,1
提,纲,1
提,肖志军,1
提,腰刀,1
提,自信,1
提,茶壶,1
提,葫芦,1
提,蒋门神,1
提,虎,1
提,裤子,1
提,话头,1
提,豆腐,1
提,财务,1
提,贫民窟,1
提,近年,1
提,速,1
提,速度,1
提,钢鞭,1
提,铁镣,1
提,锄头,1
提,闰土,1
提,陈干警,1
提,隔网,1
握,拳,1
握,球拍,1
握,笔,1
握,脸,1
揭,一点,1
揭,钵盂,1
揸,架,1
搀,她,1
搀,孙孝胥,1
搀,宝玉,1
搅,泥浆,1
搓,丝绳,1
搓,死皮,1
搜,包厢,1
搜,鲸鲨,1
搞,一点,1
搞,专业,1
搞,书法展,1
搞,促销,1
搞,公关,1
搞,公祭,1
搞,共产党,1
搞,军事,1
搞,副业,1
搞,卫生,1
搞,女人,1
搞,官僚主义,1
搞,建设,1
搞,房地产,1
搞,政变,1
搞,政绩,1
搞,斗争,1
搞,权术,1
搞,案子,1
搞,武斗,1
搞,浪漫,1
搞,游击队,1
搞,潜规则,1
搞,福利,1
搞,笑,1
搞,航空,1
搞,计算机,1
搞,训练,1
搞,运动,1
搞,这个,1
搞,逻辑,1
搞,针灸,1
搬,数字,1
搬,标准,1
搬,石头,1
搬,钢管,1
搭,围巾,1
搭,帐蓬,1
搭,手,1
搭,桥,1
搭,桥梁,1
搭,界,1
搭,腔,1
搭,草棚,1
搭,车身,1
携,受,1
摄,像,1
摄,戏,1
摆,书摊,1
摆,公座,1
摆,凳子,1
摆,地摊,1
摆,桌子,1
摆,流水席,1
摆,茶具,1
摆,谱,1
摆,车子,1
摆,造型,1
摆,酒,1
摇,笔,1
摇,纺车,1
摇,腰肢,1
摇,铃,1
摔,不,1
摘,柿子,1
摘,桔子,1
摘,棉花,1
摘,草莓,1
摘,菜,1
摸,富,1
摸,烟,1
摸,电话,1
摸,笔,1
摸,鱼,1
撑,家,1
撒,盐,1
撒,石灰,1
撒,赖,1
撕,我,1
撕,纸,1
撤,尿,1
撩,上衣,1
撩,大襟,1
撩,衣服,1
撩,裙子,1
撩,裤脚,1
撬,”,1
撸,衣袖,1
撸,袖子,1
擀,皮,1
擂,战鼓,1
操,刀,1
操,功夫,1
操,基金,1
操,我,1
操,枪,1
操,正步,1
操,英雄,1
操,软件,1
操,键盘,1
擒,毛,1
擤,鼻涕,1
擦,棋盘,1
擦,脸,1
擦,酒瓶子,1
擦,门,1
擦,黑板,1
攒,东西,1
支,帐篷,1
支,摊,1
支,耳朵,1
支,腰,1
支,自己,1
支,跳板,1
支,身子,1
支,车子,1
收,，,1
收,丈夫,1
收,不,1
收,东西,1
收,保护费,1
收,包袱,1
收,心,1
收,心情,1
收,杆,1
收,枪,1
收,破烂,1
收,礼,1
收,管理费,1
收,篮,1
收,网,1
收,脚,1
收,购物卡,1
收,这个,1
改,代码,1
改,作业,1
改,卷,1
改,图,1
改,游戏,1
改,错,1
改,风筝,1
攻,主人,1
攻,我,1
放,二十,1
放,债,1
放,响屁,1
放,妇人,1
放,排枪,1
放,炮,1
放,音乐,1
放,风筝,1
放,鸽子,1
救,裴道,1
救,钟老爷,1
教,中国,1
教,中文,1
教,人,1
教,别人,1
教,后辈,1
教,孝,1
教,我们,1
教,日语,1
教,群众,1
教,自己,1
教,英文,1
教,英语,1
教,语文,1
敬,酒,1
数,人,1
数,姑父,1
数,它们,1
数,我,1
数,自己人,1
敲,变奏,1
敲,字,1
敲,得胜鼓,1
敲,桌子,1
敲,梆子,1
敲,钉子,1
敲,钟,1
敲,键盘,1
敲,麦克风,1
整,书籍,1
整,别人,1
整,房间,1
整,档案,1
整,民众,1
整,老实人,1
斗,祸,1
斗,赌,1
斗,酒,1
斤,家务,1
斥,孔孟,1
斥,孩子,1
斥,老公,1
新,不,1
施,工,1
施,魔法,1
旁,棋,1
日,不,1
日,即可,1
早,乐子,1
早,入,1
早,去,1
早,咱们,1
早,晚,1
时,，,1
时,头,1
时,而,1
易,身,1
星,不,1
昴,头,1
显,效用,1
晒,太阳,1
晒,宝,1
晒,日头,1
晒,衣服,1
晒,辣椒,1
晕,车,1
晚,病,1
暂,不,1
曲,背,1
曲,腰,1
月,不,1
月,陆续,1
有,气,1
有,瓜葛,1
服,书记,1
服,安眠药,1
朗,课文,1
朝,大军,1
木,脚,1
木,脸,1
本,凡,1
本,吊,1
本,脸,1
朱,符,1
机,他,1
杀,头,1
杀,妖怪,1
杀,弯,1
李,内衣,1
李,双斧,1
李,身,1
杨,手,1
架,他,1
架,四面八方,1
架,枪,1
架,柴,1
架,柴火,1
架,楼台,1
染,病,1
查,例题,1
查,故障,1
查,档案,1
查,资料,1
柳,身,1
标,真儿,1
树,信心,1
树,信念,1
树,对立面,1
树,形象,1
校,书,1
格,身,1
栽,树,1
栽,自己,1
桑,蚕,1
梗,脖子,1
梳,羽毛,1
检,电脑,1
检,线路,1
检,自己,1
检,门,1
检,面粉,1
榷,茶,1
模,你,1
模,赵本山,1
欠,脚,1
欠,身,1
欣,京剧,1
欣,房间,1
欣,音乐,1
欺,她,1
欺,我,1
款,身,1
歌,佣人,1
正,杨帆,1
正,身,1
此,病,1
步,身,1
歪,头,1
殴,平民,1
毁,眼睛,1
母,掌,1
比,20,1
比,２００８年,1
比,2G,1
比,a,1
比,A230,1
比,B,1
比,B2C,1
比,BBC,1
比,Bob,1
比,CP4,1
比,CPI,1
比,CTS,1
比,e-mail,1
比,ECM,1
比,F3,1
比,Ｈ＆Ｍ,1
比,ipad,1
比,MacBook,1
比,n6,1
比,Obliveon,1
比,Ｏ地,1
比,PREVIA,1
比,SMS,1
比,W800,1
比,WinZIP,1
比,一般化,1
比,丈夫,1
比,上午,1
比,世界杯,1
比,东航,1
比,中学,1
比,中班,1
比,事例,1
比,互动性,1
比,互联网,1
比,五一十一,1
比,亚马逊,1
比,交易,1
比,京剧,1
比,人,1
比,人参,1
比,人类,1
比,人间,1
比,人间版,1
比,任命,1
比,佛,1
比,你们,1
比,保尔,1
比,健康,1
比,储蓄,1
比,儿子,1
比,先生,1
比,八路军,1
比,公寓,1
比,兴修,1
比,其它,1
比,内容,1
比,再,1
比,冬季,1
比,分数,1
比,初中生,1
比,制造业,1
比,前代,1
比,前期,1
比,前者,1
比,力气,1
比,功劳,1
比,勇气,1
比,募捐,1
比,北方,1
比,卢名堂,1
比,原始林,1
比,友情,1
比,发射,1
比,台湾,1
比,右心室,1
比,同,1
比,同事,1
比,同盟会,1
比,同行,1
比,后者,1
比,周作人,1
比,味精,1
比,味道,1
比,哭闹,1
比,唇彩,1
比,商人,1
比,商量,1
比,器材,1
比,四川,1
比,国宴,1
比,国王,1
比,圆,1
比,圆珠笔,1
比,圣彼得堡,1
比,埃及,1
比,基督教,1
比,塞纳河,1
比,夏季,1
比,外国,1
比,外国人,1
比,外行,1
比,外观,1
比,大,1
比,大人们,1
比,大哥哥,1
比,大户,1
比,大牌,1
比,大部头,1
比,天然林,1
比,天然气,1
比,天空,1
比,女子,1
比,女排,1
比,女界,1
比,女队,1
比,姚文元,1
比,姚明,1
比,婚纱,1
比,婺源,1
比,嫁妆,1
比,孙皓,1
比,孟子,1
比,学问,1
比,孩子们,1
比,它们,1
比,宇宙,1
比,宣叙调,1
比,宫本千雅,1
比,家长,1
比,寿命,1
比,小学,1
比,小孩,1
比,屈原,1
比,山,1
比,巩俐,1
比,巴黎,1
比,师兄,1
比,师辈,1
比,希腊,1
比,干枣,1
比,平常,1
比,年轻人,1
比,庄家,1
比,延安,1
比,建筑,1
比,开荒,1
比,弘历,1
比,张启德,1
比,强,1
比,影视,1
比,忧患意识,1
比,总经理,1
比,恒星,1
比,情人节,1
比,意志,1
比,愚公,1
比,慈,1
比,成本,1
比,战斗力,1
比,报亭,1
比,拆迁,1
比,拉面,1
比,指数,1
比,指纹,1
比,排列法,1
比,摆地摊,1
比,摩托罗拉,1
比,收益,1
比,收获,1
比,政府,1
比,教书,1
比,教师,1
比,数学,1
比,文字,1
比,文学,1
比,无知,1
比,日本,1
比,日本人,1
比,旱田,1
比,昆明,1
比,明代,1
比,明末,1
比,星星们,1
比,晚,1
比,晚期,1
比,普林斯顿,1
比,普通法,1
比,智慧,1
比,暴力,1
比,曹操,1
比,朋友,1
比,本质,1
比,李兆基,1
比,李少荃,1
比,杜康,1
比,杜鲁门,1
比,杨帆,1
比,林眠,1
比,查丝蒂蒂,1
比,柯西金,1
比,标日,1
比,标本,1
比,桂花,1
比,模仿,1
比,橘子,1
比,欧洲人,1
比,欧盟,1
比,欧阳修,1
比,正品,1
比,正规军,1
比,步兵,1
比,母校,1
比,氢气,1
比,江苏,1
比,汽油车,1
比,油,1
比,法律,1
比,波波,1
比,泥工,1
比,海,1
比,海德格尔,1
比,消极性,1
比,渡船,1
比,温州人,1
比,温泉,1
比,游雅妮,1
比,溥仪,1
比,激光器,1
比,焦飞,1
比,爱达荷,1
比,父亲,1
比,父辈们,1
比,牛奶,1
比,牢狱,1
比,物质,1
比,狗,1
比,独立,1
比,狼,1
比,猿猴,1
比,王小波,1
比,王顺维,1
比,玩,1
比,玩具,1
比,理坑,1
比,生存,1
比,用,1
比,用电,1
比,电视剧,1
比,电脑,1
比,电话,1
比,男人,1
比,男士,1
比,男子,1
比,病痛,1
比,白天,1
比,白种人,1
比,社区,1
比,种地,1
比,程砚秋,1
比,竹简,1
比,粮食,1
比,精神,1
比,素食,1
比,紫砂壶,1
比,纸上谈兵,1
比,纽黑文,1
比,经常,1
比,维也纳,1
比,缣素,1
比,网络,1
比,美,1
比,美国人,1
比,美貌,1
比,老校,1
比,老百姓,1
比,老鼠,1
比,考证,1
比,肃顺,1
比,肉,1
比,肌肉,1
比,臭豆腐,1
比,芸芸,1
比,苏联,1
比,苟林,1
比,英国,1
比,莫扎特,1
比,菜蔬,1
比,萎缩,1
比,萧长华,1
比,落花生,1
比,衙役,1
比,西医,1
比,西方史,1
比,西洋人,1
比,西药,1
比,设计师,1
比,诗,1
比,说话,1
比,诺基亚,1
比,课本,1
比,谈恋爱,1
比,谷歌,1
比,货车,1
比,贪官,1
比,贪欲,1
比,赫拉克利特,1
比,走路,1
比,足球,1
比,跖骨,1
比,身体,1
比,身庭,1
比,运动员,1
比,迪斯科,1
比,造物主,1
比,道格,1
比,邓小平,1
比,金属,1
比,金戈,1
比,钢管,1
比,铁,1
比,锄,1
比,锦城,1
比,长辈,1
比,门子,1
比,队友,1
比,防御,1
比,阿加西,1
比,陆面,1
比,陈健,1
比,陈辉,1
比,陌生人,1
比,集体,1
比,雪纺,1
比,雷锋,1
比,青浦,1
比,非洲人,1
比,韩国,1
比,韩语,1
比,食品,1
比,饮食,1
比,香皂,1
比,骏娃,1
比,高校,1
比,鲁滨逊,1
比,鲜花,1
比,鸟儿,1
比,麦蒂,1
比,麻布,1
毙,选题,1
气,人,1
水,不,1
水,愁,1
求,情,1
汇,工作,1
没,不,1
治,家,1
治,罪,1
泛,光,1
泛,愁,1
泛,红光,1
泛,难,1
泡,脚,1
泡,脸,1
波,瓦,1
注,不,1
注,他,1
注,他们,1
注,外表,1
注,她们,1
注,形象,1
泼,雨,1
泼,墨,1
洋,兴奋,1
洗,头,1
洗,沙浴,1
洗,玻璃,1
洗,车,1
流,白色,1
流,花粉,1
浮,水汽,1
涂,红色,1
消,化妆品,1
消,饼干,1
涌,，,1
涨,包,1
淌,汗,1
淘,宝,1
深,不,1
深,语法,1
混,差事,1
清,会场,1
清,伤口,1
清,屋子,1
清,手,1
清,捐款,1
清,特供,1
清,货物,1
温,功课,1
游,世博园,1
游,人生,1
游,水,1
游,蝶泳,1
溅,水泡,1
滋,杨柳,1
溜,英文,1
滕,身,1
满,现状,1
滚,球,1
演,婚礼,1
演,实验,1
演,少女,1
演,拉面,1
演,昆曲,1
演,父子,1
演,男人,1
演,舒曼,1
漾,笑意,1
潮,潮落,1
激,”,1
激,兴趣,1
激,大战,1
激,毅力,1
激,热辐射,1
火,不,1
灰,心,1
炒,本文,1
炒,田螺,1
炒,茶叶,1
炫,富,1
炫,自己,1
点,歌,1
点,火,1
点,灯火,1
点,灯烛,1
点,灯笼,1
点,脚尖,1
点,都,1
点,钱,1
点,香烛,1
点,�烛,1
炼,仙丹,1
炼,药,1
烟,身,1
烦,病,1
烧,书,1
烧,汤,1
烧,炉,1
烧,窑,1
烧,纸,1
烧,茶,1
烧,莲花砖,1
烧,酒,1
热,不,1
烹,美食,1
烹,茶,1
焚,香,1
照,不,1
照,人,1
照,伤员,1
照,女人,1
照,妈妈,1
照,婴儿,1
照,工,1
照,我,1
照,甜甜,1
照,芳菲,1
照,镜子,1
煽,情,1
煽,耳光,1
熬,茶,1
燃,。,1
燃,旺火,1
燃,火苗,1
燃,熊熊大火,1
燃,秸秆,1
燃,篝火,1
燃,蜡烛,1
爬,格子,1
爬,楼梯,1
爱,人类,1
爱,他,1
爱,国,1
爱,绿,1
爱,钟,1
爷,车,1
牛,病,1
牵,头,1
牵,线,1
犯,菌子,1
犯,醋味,1
犯,错,1
状,腿,1
狠,心,1
猛,头,1
猜,谜,1
猫,冬,1
猫,腰,1
献,身,1
王,情,1
玩,东西,1
玩,坏,1
玩,彩票,1
玩,手脚,1
玩,政治,1
玩,文字,1
玩,易拉罐,1
玩,杀人,1
玩,枪,1
玩,核桃,1
玩,橡皮泥,1
玩,水球,1
玩,洋娃娃,1
玩,深沉,1
玩,滑雪板,1
玩,玩具,1
玩,球,1
玩,电影,1
玩,真的,1
玩,神秘,1
玩,篮球,1
玩,纸牌,1
玩,绳子,1
玩,舞狮,1
玩,计谋,1
玩,车车,1
玩,酸腐,1
玩,金鱼,1
玩,钱,1
玩,陀螺,1
玩,雪,1
玩,骨头,1
玩,高雅,1
玩,魔方,1
玩,魔术,1
现,，,1
现,（,1
琢,戒烟,1
琢,留学,1
琴,不,1
瑛,身,1
生,，,1
生,不,1
生,东西,1
生,信心,1
生,光驱,1
生,孩子,1
生,崇敬,1
生,当,1
生,怜悯,1
生,恼,1
生,手,1
生,火盆,1
生,炉子,1
生,烧,1
生,相思病,1
生,胃病,1
生,蛋,1
用,QQ,1
用,东西,1
用,习惯法,1
用,他们,1
用,刀,1
用,剑,1
用,双语,1
用,底纹,1
用,心,1
用,成语,1
用,炮,1
用,热水,1
用,电脑,1
用,筷子,1
用,英文,1
用,藤椅,1
用,蚊帐,1
用,镰刀,1
用,颜料,1
甩,刀,1
甩,尾,1
甩,牌,1
电,孔,1
男,不,1
画,*,1
画,东西,1
画,国画,1
画,图,1
画,山水画,1
画,竹子,1
画,葫芦,1
画,记号,1
画,豆芽菜,1
画,静物,1
留,一撮,1
疏,交通,1
疼,�姐,1
病,不,1
病,身,1
痛,自己,1
痛,身体,1
瘪,嘴,1
白,不,1
白,死,1
的,话,1
皱,眉眼,1
皱,鼻子,1
监,他,1
监,刘有财,1
盖,住宅楼,1
盖,围墙,1
盖,楼,1
盘,头,1
盘,腿子,1
盛,饭菜,1
盯,人,1
直,人,1
直,因,1
直,直,1
直,腰杆子,1
直,腰板,1
直,身子,1
相,今年,1
相,圣地亚哥,1
相,父亲,1
省,事,1
看,，,1
看,东西,1
看,云,1
看,兴趣,1
看,内科,1
看,副市长,1
看,动画片,1
看,图书,1
看,字书,1
看,宣传单,1
看,工具,1
看,文献,1
看,既,1
看,时间,1
看,景,1
看,树,1
看,照片,1
看,片子,1
看,画册,1
看,童装,1
看,资料,1
看,足球,1
看,雨景,1
看,风景,1
真,文章,1
眯,秋水,1
眷,家乡,1
着,装,1
着,身,1
睐,我,1
睥,教师,1
瞅,啃垧,1
瞒,我,1
瞧,什么,1
知,戏,1
码,文字,1
泵,工作,1
砍,人,1
砍,价,1
砍,木头,1
砍,柴,1
砍,树,1
砍,灌木,1
研,书法,1
研,基金,1
研,姓名,1
研,学问,1
研,它,1
研,戏曲史,1
研,星座,1
研,梵文,1
研,棉花,1
研,歌词,1
研,炉灶,1
研,申明书,1
研,疾病,1
研,科学史,1
研,股市,1
研,肺结核病,1
研,谜底,1
研,这个,1
研,马克思主义,1
破,产,1
破,日本人,1
破,案,1
破,竹篾,1
砸,钟,1
硬,手,1
硬,腰杆,1
碰,杯,1
磕,身,1
磨,枪,1
磨,血泡,1
神,”,1
神,无赖,1
禅,，,1
离,婚,1
秀,厨艺,1
秀,口语,1
秋,先,1
种,树苗,1
种,烟草,1
种,瓜,1
种,芹菜,1
种,苗木,1
种,豆子,1
秦,身,1
积,乘车卡,1
积,力量,1
积,水,1
称,外甥,1
称,我们,1
称,英雄,1
称,青年队,1
究,原因,1
究,死理,1
究,责任,1
穿,套鞋,1
穿,时装,1
穿,服装,1
穿,环,1
穿,礼服,1
穿,轮滑鞋,1
穿,雨衣,1
穿,鞋,1
突,，,1
突,”,1
突,而,1
立,体统,1
立,双膝,1
立,擂台,1
立,牌坊,1
立,规矩,1
竖,刺,1
竖,大姆指,1
竖,大拇指,1
竖,桨,1
竖,身子,1
竖,食指,1
站,脚,1
端,大佛,1
端,架子,1
端,梅兰芳,1
端,热粥,1
端,笔,1
端,腿,1
端,茶杯,1
端,酒碗,1
笑,他们,1
笑,我,1
笔,汉字,1
笔,电路,1
第,上,1
等,位,1
等,车,1
筑,别墅,1
筑,剿穴,1
答,卷,1
答,生活,1
答,题目,1
策,方案,1
筹,婚事,1
签,名,1
箍,窑,1
算,),1
算,刊物,1
算,命,1
算,总量,1
算,明细账,1
算,牌,1
算,结果,1
算,费用,1
算,辈分,1
算,运费,1
算,近年,1
算,题,1
管,什么,1
管,企业,1
管,俗事,1
管,儿女,1
管,公检法,1
管,别人,1
管,后勤,1
管,她,1
管,家,1
管,我们,1
管,政治,1
管,时间,1
管,纪律,1
管,门,1
箭,底,1
粗,嗓门,1
系,不,1
累,知识,1
纠,发音,1
红,脸,1
纳,闷,1
线,盟,1
练,B-BOX,1
练,对话,1
练,拳击,1
练,气功,1
练,瑜伽,1
练,画,1
练,签名,1
练,篆字,1
练,车,1
练,香功,1
组,十,1
组,同学,1
组,大家,1
组,工人,1
组,施工,1
组,旅游团,1
组,队伍,1
组,面试,1
细,它们,1
织,鱼网,1
终,不,1
经,不,1
经,情感,1
经,海鲜,1
经,男人,1
经,这么,1
结,不,1
结,兄弟,1
结,冰,1
结,团体,1
结,在,1
绕,绒线团,1
给,分,1
绣,花,1
绣,鞋垫,1
绯,身,1
绰,枪,1
维,林木,1
维,电脑,1
维,秩序,1
绷,肌肉,1
绷,脸,1
编,教材,1
编,斗笠,1
编,瞎话,1
编,程序,1
编,谎话,1
缘,》,1
缘,上,1
缘,条件,1
缘,法,1
缘,而,1
缘,论,1
缘,近年,1
缠,人,1
缩,头,1
缴,赋,1
缺,水,1
网,鱼,1
罗,煎饼,1
羡,别人,1
羡,姐姐,1
羡,它,1
羡,我,1
羡,桥,1
羡,王学平,1
翅,脚,1
翘,二郎腿,1
翘,嘴巴,1
翘,头,1
翘,尾巴,1
翘,屁股,1
翘,手,1
翻,句子,1
翻,文言文,1
翻,斤斗,1
翻,杂志,1
翻,白眼,1
翻,筋斗,1
翻,网页,1
翻,脚,1
翻,脸,1
考,应用题,1
考,族谱,1
耍,刀,1
耍,嘴皮子,1
耍,大牌,1
耍,流氓,1
耍,狠,1
耍,脾性,1
耍,蛮,1
耍,金箍棒,1
聊,qq,1
聊,上网,1
聊,世事,1
聊,书法,1
聊,学习,1
聊,摄影,1
聊,文学,1
聊,新疆,1
聊,湖北,1
聊,瑜伽,1
聊,电话,1
聊,目标,1
聊,经商,1
聊,美食,1
聊,英语,1
聊,足球,1
聊,近况,1
聊,近年,1
联,­,1
联,上文,1
联,开荒,1
联,感情,1
联,战争,1
联,无锡,1
联,焚尸炉,1
聚,人,1
聚,人潮,1
聚,精神,1
股,不,1
肥,背,1
背,十字架,1
背,口诀,1
背,媳妇,1
背,宋词,1
背,就,1
背,履历,1
背,条例,1
背,枪,1
背,稿,1
背,背包,1
背,诗,1
背,课,1
胡,气,1
脉,钩,1
胳,不,1
能,手,1
脖,不,1
脱,鞋子,1
腆,大肚子,1
腰,身,1
腾,书,1
腾,烟雾,1
臆,他们,1
自,+,1
自,不,1
自,停,1
自,大军,1
自,女士,1
自,床,1
自,烦恼,1
自,自己,1
致,。,1
舀,一盂儿,1
舀,汤,1
舀,海水,1
舞,漫画,1
艾,身,1
花,公款,1
苏,茶,1
苏,身,1
荀,身,1
荡,桨,1
药,不,1
药,首,1
萧,身,1
著,文,1
葛,你,1
蒙,眼睛,1
蓝,不,1
藏,它,1
藏,身,1
虑,闷,1
虚,不,1
虚,心,1
蜷,腿,1
蜷,花瓣,1
蜷,身体,1
行,！,1
行,不,1
行,令,1
行,凶,1
行,善,1
行,息,1
行,注目礼,1
行,王法,1
行,礼,1
行,规矩,1
行,路,1
街,烟头,1
补,洞,1
补,能量,1
补,锅,1
表,人,1
表,功,1
表,花样,1
袁,下课,1
装,不,1
装,他,1
装,捕盗船,1
装,正经,1
装,沙子,1
装,淑女,1
装,疯,1
装,病,1
装,穷,1
装,糊涂,1
装,英雄,1
要,丈夫,1
要,不,1
要,人,1
要,什么,1
要,回扣,1
要,土地,1
要,大军,1
要,店面,1
要,扶持,1
要,支派,1
要,租子,1
要,经费,1
要,银子,1
见,下课,1
见,必然,1
观,上弦月,1
观,他,1
观,她,1
观,小鸟,1
观,球道,1
观,画,1
观,金鱼,1
观,饼干,1
觅,东西,1
觉,心,1
觉,身体,1
角,口,1
解,原因,1
解,自己,1
认,字,1
认,师傅,1
认,死理,1
讨,中文,1
讨,会计,1
讨,学术,1
讨,成因,1
讨,报告,1
讨,文化史,1
讨,文学,1
讨,案件,1
讨,案情,1
讨,答案,1
讨,羊群,1
讨,自己,1
讨,车,1
讨,钢琴,1
讨,韩寒,1
讨,项目,1
议,哈哈镜,1
议,教学,1
议,课,1
议,问题,1
记,亲朋好友,1
记,帐,1
记,您,1
记,歌词,1
记,母亲,1
记,生字,1
讲,PK,1
讲,专业,1
讲,中文,1
讲,书,1
讲,互联网,1
讲,井冈山,1
讲,人类,1
讲,价,1
讲,价钱,1
讲,佛学,1
讲,你,1
讲,俄语,1
讲,修行,1
讲,公法,1
讲,农活,1
讲,功课,1
讲,历史,1
讲,原则,1
讲,口,1
讲,听力,1
讲,品牌,1
讲,外语,1
讲,学习,1
讲,它,1
讲,岁数,1
讲,工程,1
讲,师资,1
讲,希腊语,1
讲,性学,1
讲,总理,1
讲,战术,1
讲,技术,1
讲,拉丁文,1
讲,拳击赛,1
讲,数学,1
讲,方法,1
讲,李清照,1
讲,条件,1
讲,毛泽东,1
讲,汉语,1
讲,法律,1
讲,漫画,1
讲,狗屎,1
讲,理想,1
讲,生意,1
讲,电话,1
讲,礼仪,1
讲,福建话,1
讲,种族,1
讲,管理,1
讲,经验,1
讲,缺点,1
讲,股票,1
讲,茶趣,1
讲,营养,1
讲,课程,1
讲,超频,1
讲,这些,1
讲,逍学,1
讲,酷帅,1
讲,问题,1
讲,音乐,1
讲,题目,1
许,盘子,1
许,腰,1
论,事,1
论,价值,1
论,力气,1
论,功德,1
论,智商,1
论,武艺,1
论,科研,1
论,脚力,1
论,腐败,1
论,茶道,1
论,钱,1
论,面积,1
讽,他,1
讽,娱乐圈,1
设,酒店,1
访,餐馆,1
评,人,1
评,别人,1
评,大学生,1
评,张家辉,1
评,新闻,1
评,车,1
试,功夫,1
询,情况,1
该,不,1
该,刺警案,1
说,。,1
说,世界语,1
说,东市,1
说,丽江,1
说,中国,1
说,乌苏,1
说,乒乓球,1
说,书,1
说,事,1
说,云台山,1
说,亚运,1
说,京剧,1
说,人,1
说,人家,1
说,人话,1
说,优生,1
说,体力,1
说,你哥,1
说,假话,1
说,儿子,1
说,公事,1
说,公司,1
说,别人,1
说,刺猾,1
说,动画片,1
说,区别,1
说,口味,1
说,台词,1
说,大道理,1
说,套话,1
说,女人,1
说,婆婆,1
说,孙影,1
说,孩子,1
说,官话,1
说,宝琴,1
说,家史,1
说,家乡话,1
说,家庭,1
说,小张,1
说,工人,1
说,庆元,1
说,廉政,1
说,张小顺,1
说,张瑜,1
说,当初,1
说,律师,1
说,心里话,1
说,志愿者,1
说,情节,1
说,情话,1
说,成语,1
说,战士,1
说,找殷硕,1
说,报社,1
说,改名,1
说,改革,1
说,放弃,1
说,故事,1
说,效率,1
说,教师,1
说,数据,1
说,新闻,1
说,日语,1
说,朋友,1
说,梦,1
说,梨花节,1
说,民法,1
说,沉香,1
说,法条,1
说,法语,1
说,满族,1
说,漂亮话,1
说,熊猫眼,1
说,牛,1
说,特区,1
说,环保,1
说,理想,1
说,理由,1
说,用度,1
说,画,1
说,登山,1
说,礼貌,1
说,粗心,1
说,粗话,1
说,红楼梦,1
说,级别,1
说,经过,1
说,美白,1
说,老实话,1
说,老师,1
说,老邑,1
说,脏话,1
说,航海,1
说,艺术,1
说,艾滋病,1
说,芜烟,1
说,花,1
说,花花,1
说,苦,1
说,营寨,1
说,虫子,1
说,行业,1
说,行走,1
说,裁决,1
说,西藏,1
说,许老师,1
说,读书,1
说,谎话,1
说,贡献,1
说,责任,1
说,轮滑,1
说,过户,1
说,近日,1
说,部队,1
说,酒,1
说,钱,1
说,销售,1
说,闲话,1
说,陈寅恪,1
说,难处,1
说,雷达,1
说,青海,1
说,高校,1
说,鬼,1
说,鲍翅,1
说,龙,1
诵,经,1
请,问题,1
读,单词,1
读,小说,1
读,报纸,1
读,文章,1
读,稿子,1
读,童话,1
谁,得,1
调,情,1
调,我,1
调,生活,1
调,积极性,1
调,角度,1
调,韩漠,1
调,音响,1
谈,。,1
谈,M,1
谈,Y,1
谈,专业,1
谈,为何,1
谈,书,1
谈,了,1
谈,事,1
谈,事情,1
谈,价,1
谈,你,1
谈,儒学,1
谈,兰花,1
谈,兵事,1
谈,军事,1
谈,农业,1
谈,刚,1
谈,创业园,1
谈,化妆品,1
谈,医院,1
谈,君主制,1
谈,哲学,1
谈,头,1
谈,她,1
谈,孔繁森,1
谈,学问,1
谈,它们,1
谈,安身立命,1
谈,家庭,1
谈,展览,1
谈,当初,1
谈,当时,1
谈,彩票,1
谈,彩经,1
谈,情,1
谈,情人,1
谈,感受,1
谈,感情,1
谈,我,1
谈,房子,1
谈,手表,1
谈,扒零年代,1
谈,报道,1
谈,拉斯普庭,1
谈,教学,1
谈,教育,1
谈,数学,1
谈,文物,1
谈,无线,1
谈,是,1
谈,本人,1
谈,条件,1
谈,杨子荣,1
谈,柿子,1
谈,法治主义,1
谈,法轮功,1
谈,游泳,1
谈,烧烤,1
谈,烹调,1
谈,爱女,1
谈,父亲,1
谈,爷爷,1
谈,理论,1
谈,生产,1
谈,篮球,1
谈,经济,1
谈,臭豆腐,1
谈,舞蹈,1
谈,艺术,1
谈,菜,1
谈,蔚,1
谈,蛇,1
谈,装备,1
谈,西方,1
谈,读后感,1
谈,足球,1
谈,金利斌,1
谈,问题,1
谈,青海,1
谈,青铜器,1
谈,马克思主义,1
谈,鸽子,1
谝,荤话,1
负,义务,1
负,学生,1
责,地质,1
责,它,1
责,父亲,1
责,老师,1
责,警卫,1
质,妻子,1
质,我,1
贩,黄毒,1
贪,不,1
贬,别人,1
购,书,1
购,保健品,1
购,物品,1
费,思量,1
贿,我,1
赌,球,1
赌,酒,1
赏,人,1
赏,月,1
赏,雪景,1
赔,钱,1
赚,钱,1
赛,接力,1
赞,春秋,1
走,下山路,1
走,台步,1
走,圆场,1
走,方队,1
走,棋,1
走,正步,1
走,老路,1
走,茧子,1
走,身段,1
走,道,1
走,量,1
走,钢丝,1
走,队列,1
赶,活,1
赶,路,1
趴,不,1
跑,业务,1
跑,单帮,1
跑,圆场,1
跑,官,1
跑,有,1
跑,百米赛,1
跑,腿,1
跑,运输,1
跪,身,1
跳,三丈,1
跳,尾,1
跳,迪斯科,1
跳,高,1
跺,地面,1
跺,脚,1
踏,节奏,1
踞,脚,1
踢,人,1
踢,毽球,1
踢,瓶子,1
踢,皮球,1
踢,脚,1
踱,方步,1
踱,步,1
踹,灰,1
蹄,地皮,1
蹬,腿,1
蹬,车,1
蹲,不,1
身,身,1
躭,鱼儿,1
车,不,1
车,化妆,1
轧,戏,1
转,***,1
转,圈圈,1
转,圈子,1
转,头,1
转,文,1
转,脖子,1
转,运动圈,1
轮,拳,1
轻,外乡人,1
轻,烟,1
较,东区,1
较,实,1
较,拳脚,1
辰,戏,1
边,歌,1
边,漫画,1
迅,身,1
过,河,1
过,生活,1
迎,身,1
运,书,1
运,企业,1
运,元蜃诀,1
运,内功,1
运,功,1
运,球,1
运,笔,1
还,债,1
还,钱,1
这,诉讼,1
连,先生,1
连,怎样,1
连,皮,1
连,网,1
迟,不,1
迭,，,1
迷,赌场,1
追,东西,1
追,历史,1
追,原因,1
追,合同,1
追,平淡,1
追,新闻,1
追,星,1
追,责,1
追,责任,1
送,礼物,1
逃,课,1
选,书,1
选,学校,1
选,高校,1
逗,他,1
逗,兴,1
逗,孩子,1
逗,我,1
逗,贫,1
通,话,1
逛,展位,1
逛,这儿,1
逞,性子,1
造,一些,1
造,人,1
造,房屋,1
造,汽车,1
造,田,1
造,词汇,1
造,陈列馆,1
遂,笔,1
道,不,1
道,古话,1
那,俺,1
那,笔,1
都,得,1
配,对,1
配,我,1
配,衣服,1
采,枸杞,1
采,花蜜,1
里,脚,1
里,身,1
重,编程,1
重,职称,1
量,不,1
钓,白条,1
钟,，,1
钟,脚,1
钩,花,1
钻,佛教,1
钻,彩票,1
钻,技术,1
钻,电脑,1
钻,神学,1
铁,心,1
铲,草,1
银,不,1
银,歉,1
铸,刑鼎,1
铺,育秧盘,1
锁,我,1
锄,杂草,1
锻,身体,1
锻,门徒,1
长,蘑菇,1
长,鹿角,1
闭,嘴,1
问,他们,1
问,卫国,1
问,地址,1
问,大娘,1
问,姑娘,1
问,店主,1
问,情况,1
问,旧话儿,1
问,李莲英,1
问,杨帆,1
问,林远方,1
问,童话,1
问,罗晶晶,1
问,老爷,1
问,自己,1
问,药物,1
问,记者,1
问,话,1
问,责,1
问,问题,1
闹,事情,1
闹,亏空,1
闹,人,1
闹,仗,1
闹,别扭,1
闹,哄,1
闹,客气,1
闹,水灾,1
闹,清闲,1
闹,煤荒,1
闹,病,1
闹,离婚,1
闹,秧歌,1
闹,粮荒,1
闹,肚子,1
闹,虚文儿,1
闹,虚礼,1
闹,规矩,1
闹,革命,1
阅,文,1
阿,头,1
阿,腰,1
阿,茶,1
阿,身,1
陈,反调,1
陈,案件,1
陈,苦,1
陈,近年,1
降,速,1
陷,我,1
随,身,1
难,他,1
难,小朋友,1
难,得,1
雀,邻居,1
集,兵力,1
集,参与者,1
集,歌谣,1
雇,博士生,1
零,点,1
雷,锣,1
靠,旱,1
靠,腿,1
面,壁,1
鞠,腰,1
韦,身,1
竟,身,1
顶,我,1
项,兵,1
顽,鸟,1
颁,奖,1
预,考试,1
领,赛事,1
题,笔,1
颤,。,1
风,”,1
飘,，,1
飘,腮红,1
飘,雨丝,1
飘,鹅毛大雪,1
飙,车,1
飞,，,1
飞,人,1
飞,右脚,1
飞,雪,1
饮,茶,1
饿,肚皮,1
马,不,1
马,掌,1
马,病,1
驮,他,1
驱,孩子,1
驾,云,1
骂,丈夫,1
骂,中国,1
骂,仗,1
骂,别人,1
骂,大清国,1
骂,大街,1
骂,她,1
骂,娘,1
骂,媳妇,1
骂,您,1
骂,政府,1
骂,日本人,1
骂,球员,1
骂,皇帝,1
骂,粗话,1
骂,老子,1
骂,老师,1
骂,老总,1
骂,老板,1
骂,腐败,1
骂,自己,1
骂,队员,1
骂,馒头,1
骑,自行车,1
骗,学生,1
骗,老子,1
骗,自己,1
高,兴,1
高,大专班,1
鱼,手,1
鲁,书,1
鲍,身,1
鸣,警报,1
鹤,身,1
黄,脸,1
黏,人,1
鼓,兴头,1
鼓,劲儿,1
鼓,包,1
鼓,游兴,1
鼓,火苗,1
鼓,精神,1
齐,歌,1
齐,碗,1
龚,板门,1
�,掌,1
�,身,1
�,身子,1
